student,name,address,url,denomination,service_days,non_sunday,main_language,other_language,livestream_url,staff,address_clean,latitude,longitude
Madison,Clinton Korean Baptist Church,"8701 Woodyard Road
Clinton, MD 20735",301-868-1177,American Baptist Churches,Sunday,NA,English,NA,NA,NA,"8701 Woodyard Road Clinton, MD 20735, USA",38.7708941,-76.8796917
Madison,The First New Horizon Baptist Church,"9511 Piscataway Rd
Clinton, MD 20735",(301) 856-9177,American Baptist Churches,Sunday,NA,English,NA,https://us02web.zoom.us/j/84230952078...,NA,"9511 Piscataway Rd Clinton, MD 20735, USA",38.7599704,-76.9178614
Madison,Chin Baptist Mission Church,"801 University Blvd W
Silver Spring, MD 20901",https://www.cbmcdc.com/,American Baptist Churches USA,Sunday,NA,NA,Hakha Chin,https://www.cbmcdc.com/videos,https://www.cbmcdc.com/meet-out-staffs,"801 University Blvd W Silver Spring, MD 20901, USA",39.0320012,-77.0229126
Madison,Eglise Baptiste Du Calvaire,10002 Riggs Road,https://calvarymd.org/,American Baptist Churches USA,Sunday,NA,English,NA,https://calvarymd.org/watch/,https://calvarymd.org/our-pastor/,"10002 Riggs Road, USA",39.0197261,-76.9650774
Madison,"Getsemani, Iglesia Bautista","801 University Blvd W
Silver Spring, MD 20901",https://www.getsemaniusa.org/,American Baptist Churches USA,Sunday,NA,Spanish,NA,NA,NA,"801 University Blvd W Silver Spring, MD 20901, USA",39.0320012,-77.0229126
Madison,Greenbelt Baptist Church,"101 Greenhill Road
Greenbelt, MD 20770",https://greenbeltbaptist.org/,American Baptist Churches USA,Sunday,NA,English,NA,https://www.youtube.com/channel/UCpvuXOntncfUSkJL_QDr5ag,NA,"101 Greenhill Road Greenbelt, MD 20770, USA",39.0067988,-76.883553
Madison,Hillandale Baptist Church,"2601 Powder Mill Road
Hyattsville, MD 20783",https://www.hillandalebc.org/,NA,Sunday,NA,English,NA,https://us06web.zoom.us/j/5131998834?pwd=Tguva2RtiKLMr8bWKiNNL214CD0uHE.1&omn=83437212568#success,https://www.hillandalebc.org/our_people,"2601 Powder Mill Road Hyattsville, MD 20783, USA",39.0264681,-76.9635312
Madison,Renaissance Baptist Church,"3411 Spencerville Rd
Burtonsville, MD 20866",202-889-0252,Non-denominational,NA,NA,English,NA,NA,NA,"3411 Spencerville Rd Burtonsville, MD 20866, USA",39.1062577,-76.9406844
Madison,University Baptist Church/College Park,"3515 Campus Drive
College Park, MD 20740",https://www.weareubc.org/,Non-denominational,Sunday,NA,English,NA,https://www.youtube.com/channel/UCjkkG2MJog07FwUKf5YQoIg,https://www.weareubc.org/staff,"3515 Campus Drive College Park, MD 20740, USA",38.9842512,-76.9537999
Madison,Agape Life Ministries Inc.,"8568 Laureldale Dr, Maryland City, MD 20724",https://alm-inc.org/,American Baptist Churches USA,Sunday,NA,English,NA,https://subsplash.com/u/agapelifeministries-laur/media/l/yj9r536-sermons,https://alm-inc.org/leadership,"8568 Laureldale Dr, Maryland City, MD 20724, USA",39.1015944,-76.8216832
Madison,Alafia Baptist Church,"3623 Eastern Avenue
Mount Rainier, MD 20712",https://alafiabaptistchurchusa.org/im_new,American Baptist Churches USA,Sunday,NA,English,NA,https://alafiabaptistchurchusa.org/sermons,NA,"3623 Eastern Avenue Mount Rainier, MD 20712, USA",38.9359655,-76.9645747
Madison,Allow God Deliverance Ministries,"2817 Walter Lane
District Heights, MD 20747",202-702-1457,American Baptist Churches USA,NA,NA,English,NA,NA,NA,"2817 Walter Lane District Heights, MD 20747, USA",NA,NA
Madison,Beloved Community Church,"9007 Doris Drive
Fort Washington, MD 20744",https://www.belovedcommunitychurchmd.org/,American Baptist Churches USA,Sunday,NA,English,NA,NA,https://www.belovedcommunitychurchmd.org/ministerial-staff-2/,"9007 Doris Drive Fort Washington, MD 20744, USA",38.764872,-76.9662221
Madison,Carmody Hills Baptist Church,"6501 Seat Pleasant Drive
Capital Heights, MD 20743",https://www.carmodyhills.org/,Non-denominational,Sunday,NA,English,NA,https://www.carmodyhills.org/connect.html,https://www.carmodyhills.org/our-pastoral-staff.html,"6501 Seat Pleasant Drive Capital Heights, MD 20743, USA",NA,NA
Madison,Chin Bethel Church,"9610 Maryland Avenue
Laurel, MD 20723",NA,Non-denominational,NA,NA,NA,Hahka Chin,NA,NA,"9610 Maryland Avenue Laurel, MD 20723, USA",39.1138346,-76.8436306
Madison,Church of the Great Anointing,"3710 Riviera Street Ste G
Temple Hills, MD 20748",https://cotga.yolasite.com/where-to-buy.php,American Baptist Churches USA,Sunday,NA,English,NA,NA,https://cotga.yolasite.com/Meet-our-Pastors.php,"3710 Riviera Street Ste G Temple Hills, MD 20748, USA",NA,NA
Madison,Dayspring Community Church,"9850 Goodluck Rd
Lanham-Seabrook, MD 20706",https://dayspringthrive.org/,Non-denominational,Sunday,NA,English,NA,https://www.facebook.com/DayspringThrive/,NA,"9850 Goodluck Rd Lanham-Seabrook, MD 20706, USA",NA,NA
Madison,Dominion Life Center (formerly Holy Comforter Baptist Church),"Mercantile Lane, Suite 208
Largo, MD 20774",571-378-3030,Non-denominational,NA,NA,English,NA,NA,NA,"Mercantile Lane, Suite 208 Largo, MD 20774, USA",NA,NA
Madison,"First Baptist Church, Highland Park","6801 Sheriff Rd
Landover, MD 20785",https://fbchighlandpark.org/,Non-denominational,Sunday,NA,English,NA,https://fbchighlandpark.org/media/,https://fbchighlandpark.org/our-pastor/?forceReload=1770507775770,"6801 Sheriff Rd Landover, MD 20785, USA",38.9099937,-76.8892741
Madison,First Baptist Church/Camp Springs,"6936 Allentown Road
Camp Springs, MD 20748",https://www.fbccs.church/,Non-denominational,Sunday,NA,English,NA,https://www.fbccs.church/worship-service,NA,"6936 Allentown Road Camp Springs, MD 20748, USA",38.7927443,-76.9194373
Madison,First Baptist Church/Hyattsville,"5701 42nd Avenue
Hyattsville, MD 20781",https://www.facebook.com/firstbaptisthyattsville/,American Baptist Churches USA,NA,NA,English,NA,https://www.youtube.com/@firstbaptistchurchofhyatts2031,NA,"5701 42nd Avenue Hyattsville, MD 20781, USA",38.9569094,-76.9458946
Madison,Forest Heights Baptist Church,"6371 Oxon Hill Road
Oxon Hill, MD 20745",https://fhbcofmd.org/,Non-denominational,Sunday,NA,English,NA,https://fhbcofmd.org/online-services/,https://fhbcofmd.org/ministries/,"6371 Oxon Hill Road Oxon Hill, MD 20745, USA",38.8043539,-76.9943878
Madison,Fort Foote Baptist Church,"8310 Fort Foote Road
Fort Washington, MD 20744",https://fortfootebc.org/,American Baptist Churches USA,Sunday,NA,English,NA,https://www.youtube.com/channel/UC_7J-TTx70gVLKdzWA-zJNg/videos,https://fortfootebc.org/ministries/,"8310 Fort Foote Road Fort Washington, MD 20744, USA",38.774322,-77.0139613
Madison,Fort Washington Baptist Church,"11516 Fort Washington Road
Fort Washington, MD 20744",https://www.fortwashingtonbaptist.org/,American Baptist Churches USA,Sunday,NA,English,NA,https://www.youtube.com/@fortwashingtonbaptistchurc7246,https://www.fortwashingtonbaptist.org/ministerial-staff,"11516 Fort Washington Road Fort Washington, MD 20744, USA",38.7379878,-77.0016473
Madison,Gateway Cathedral of Praise,"4618 St Barnabas Rd
Temple Hills, MD 20748",301-728-4021,non-denominational,NA,NA,English,NA,NA,NA,"4618 St Barnabas Rd Temple Hills, MD 20748, USA",38.8318135,-76.9408754
Madison,Glory Baptist Church,"Stonegate Elementary School
14811 Notley Road
Silver Spring, MD 20905",301-838-5775,Southern Baptist Convention,NA,NA,English,NA,NA,NA,"Stonegate Elementary School 14811 Notley Road Silver Spring, MD 20905, USA",NA,NA
Madison,Iglesia Bautista Emanuel,"832 Wayne Avenue
Silver Spring, MD 20910",https://iglesiaemanuelsilverspring.org/       301-588-2951,American Baptist Churches USA,Sunday,NA,Spanish,NA,NA,NA,"832 Wayne Avenue Silver Spring, MD 20910, USA",38.9964508,-77.0226371
Madison,Maple Springs Baptist Church,"4131 Belt Road
Capital Heights, MD 20743",https://msbcmd.org/,Christian,Sunday,NA,English,NA,https://www.youtube.com/channel/UCmaPtAGMLTEN4B0gtlQ89zg/videos,https://msbcmd.org/who-we-are/our-leaders/,"4131 Belt Road Capital Heights, MD 20743, USA",NA,NA
Madison,Montgomery Hills Baptist Church,"9727 Georgia Avenue
Silver Spring, MD 20910",https://www.mhbc.us/,"American Baptist Churches, Southern Baptist Convention and the Progressive National Baptist Convention",Sunday,NA,English,NA,https://www.youtube.com/@montgomeryhillsbaptistchur8487,https://www.mhbc.us/staff.html,"9727 Georgia Avenue Silver Spring, MD 20910, USA",39.0151534,-77.0427491
Madison,Mt. Ephraim Baptist Church,"610 Largo Rd
Upper Marlboro, MD 20774",https://dev.mountephraim.org/services-and-location/,American Baptist Churches USA,Sunday,NA,English,NA,NA,https://dev.mountephraim.org/pastor-gilmore-jr/,"610 Largo Rd Upper Marlboro, MD 20774, USA",38.8816876,-76.811459
Madison,Pavilion of God Baptist Church,"3701 Quincy Street
North Brentwood, MD 20722",202-365-2842,Non-denominational,NA,NA,English,NA,NA,NA,"3701 Quincy Street North Brentwood, MD 20722, USA",NA,NA
Madison,Ritchie Baptist Church,"1706 Sansbury Rd
Largo, MD 20774",https://www.ritchiebaptistchurch.org/,Non-denominational,Sunday,NA,English,NA,1-301-715-8592 Meeting ID: 861 4512 3446,https://www.ritchiebaptistchurch.org/pastor-s-bio,"1706 Sansbury Rd Largo, MD 20774, USA",38.8649755,-76.8386501
Madison,Rivers of Joy Bible Fellowship,"2200 County Rd
District Heights, MD 20747",301-499-3117,American Baptist Churches USA,NA,NA,English,NA,NA,NA,"2200 County Rd District Heights, MD 20747, USA",38.8599718,-76.87123
Madison,Salem Gospel Ministries,"9727 Georgia Ave
Silver Spring, MD 20910",https://www.salemgospelministries.org/,Baptist Convention of Maryland,Sunday,NA,English,NA,NA,NA,"9727 Georgia Ave Silver Spring, MD 20910, USA",39.0151534,-77.0427463
Madison,"Second Baptist Church, SW","5501 Silver Hill Rd
District Heights, MD 20747",https://www.sbcsw.org/,Non-denominational,Sunday,NA,English,NA,https://www.sbcsw.org/livestream,https://www.sbcsw.org/pastor-baxter-iii-biography,"5501 Silver Hill Rd District Heights, MD 20747, USA",38.8520669,-76.912133
Madison,Solid Rock Baptist Church,"4725 Slver Hill Rd
Suitland, MD 20746",301-420-4212,American Baptist Churches USA,Sunday,NA,English,NA,NA,NA,"4725 Slver Hill Rd Suitland, MD 20746, USA",NA,NA
Madison,Spirit of Peace Baptist Church,"4311 R Street
Capital Heights, MD 20743",301-772-1600,Non-denominational,Sunday,NA,English,NA,NA,NA,"4311 R Street Capital Heights, MD 20743, USA",NA,NA
Madison,Spirit of the LIving God Baptist Church,"5918 Allentown Way, Temple Hills, Maryland 20748, United States",https://sotlgbc.com/,Non-denominational,Sunday,NA,English,NA,https://www.youtube.com/channel/UC1tGeBDo32yh-CssXpiBnyg/featured?view_as=subscriber,https://sotlgbc.com/about-us,"5918 Allentown Way, Temple Hills, Maryland 20748, United States",NA,NA
Madison,St Paul Baptist Church,"6419 Marlboro Pike
District Heights, MD 20747",https://www.spchurchonline.com/,Non-denominational,Sunday,NA,English,NA,NA,https://www.spchurchonline.com/leadership,"6419 Marlboro Pike District Heights, MD 20747, USA",38.85085,-76.8977748
Madison,The Church of Restoration,"5913 Arbor Street
Hyattsville, MD 20781",301-839-7041,Non-denominational,Sunday,NA,English,NA,NA,NA,"5913 Arbor Street Hyattsville, MD 20781, USA",38.9179841,-76.9178863
Madison,"The Miracle Center of the Faith Missionary Baptist Church, Inc.","501 Hampton Park Blvd
Capital Heights, MD 20743",https://www.facebook.com/p/The-Miracle-Center-of-Faith-Missionary-Baptist-Church-100064769078445/    301-350-2200,NA,NA,NA,English,NA,NA,NA,"501 Hampton Park Blvd Capital Heights, MD 20743, USA",NA,NA
Madison,United Baptist Church,"7701 Riverdale Rd.
New Carrollton, MD 20784",https://unitedbaptist.org/,Non-denominational,Sunday,NA,English,NA,https://www.youtube.com/watch?v=J9bMxUxB6p8,https://unitedbaptist.org/aboutus/,"7701 Riverdale Rd. New Carrollton, MD 20784, USA",38.9591578,-76.8772566
Madison,Village Baptist Church,"1950 Mitchellville Road
Bowie, MD 20716",https://www.villagebaptistbowie.org/,Non-denominational,Sunday,NA,English,NA,https://www.youtube.com/@villagebaptistofbowie/videos,https://www.villagebaptistbowie.org/staff-leaders,"1950 Mitchellville Road Bowie, MD 20716, USA",38.9146419,-76.7249935
Madison,West Hyattsville Baptist Church,"3100 Nicholson Street
Hyattsville, MD 20782",https://www.whbchurch.org/,Non-denominational,Sunday,NA,English,NA,NA,https://www.whbchurch.org/about/,"3100 Nicholson Street Hyattsville, MD 20782, USA",38.9633854,-76.9651151
Madison,Word for Life Church Ministries,"11519 Ft. Washington Rd
Fort Washington, MD 20744",https://www.wordforlifechurch.org/,American Baptist Churches USA,Sunday,NA,English,NA,https://word-for-life-chuch-ministries.sermoncloud.com/,https://www.wordforlifechurch.org/Meet-Pastor-Larrin,"11519 Ft. Washington Rd Fort Washington, MD 20744, USA",38.7374687,-77.0032635
Madison,Berean Baptist Church,"12102 Piscataway Rd , Clinton, MD, United States, Maryland",https://bereanpgc.com/,Southern Baptist Convention,Sunday,NA,English,NA,https://us02web.zoom.us/j/3012921678?cmid=2da2cecf-33e4-4c69-ac3f-bd82a4541196#success,"Pastor Emeritus
Rev. Willie L. Lampley, JR - Founder","12102 Piscataway Rd , Clinton, MD, United States, Maryland",NA,NA
Madison,Calvary International Christian Church,"8330 Crain Hwy., Upper Marlboro, MD 20772",https://calvaryicc.org/,Southern Baptist Convention,Sunday,NA,English,NA,NA,NA,"8330 Crain Hwy., Upper Marlboro, MD 20772, USA",38.7744026,-76.7999424
Madison,Clinton Baptist Church,"8701 Woodyard Road, Clinton, MD 20735",https://clintonbaptistchurch.org/,Southern Baptist Convention,Sunday,NA,"English, primarily",NA,https://us02web.zoom.us/j/88517786499?pwd=NFNSZkxodlVJT0lXUlFab2FhWmxhQT09,https://clintonbaptistchurch.org/about-us/our-staff,"8701 Woodyard Road, Clinton, MD 20735, USA",38.7708941,-76.8796917
Madison,"First Baptist Church, Upper Marlboro","7415 Crain Highway.
Upper Marlboro, MD 20772",https://fbcum.org/,Southern Baptist Convention,Sunday,NA,English,NA,https://fbcum.org/resources/sermons/,"Zach Schlegel, Pastor","7415 Crain Highway. Upper Marlboro, MD 20772, USA",38.7882615,-76.7915001
Madison,First Bethel Baptist Church,"6016 Allentown Road, Camp Springs, MD  20746",https://www.firstbethelbaptistchurchofmd.com/,Southern Baptist Convention,Sunday,NA,English,NA,NA,"Dr. Lehman D. Bates, Pastor","6016 Allentown Road, Camp Springs, MD 20746, USA",38.8059286,-76.9035073
Madison,Forestville New Redeemer Baptist Church,"7808 Marlboro Pike, Forestville, Md",https://forestvillenewredeemer.org/,Southern Baptist Convention,Sunday,NA,English,NA,https://forestvillenewredeemer.org/livestream,"Rev. Dr. Nathaniel B. Thomas, Senior Pastor.","7808 Marlboro Pike, Forestville, Md, USA",38.8426665,-76.8704179
Madison,My Redeemer Lives Baptist Church,"Upper Marlboro, MD 20772-3656",(301) 613-9655,Southern Baptist Convention,Sunday,NA,English,NA,NA,NA,"Upper Marlboro, MD 20772-3656, USA",38.8162451,-76.751708
Madison,Pleasant Grove Baptist Church,"10707 Marlboro Pike
Upper Marlboro, MD 20772",https://www.pleasantgrovebcpg.org/,Southern Baptist Convention,Sunday,NA,English,NA,https://pleasantgrovemd.online.church/,https://www.pleasantgrovebcpg.org/ourpastor,"10707 Marlboro Pike Upper Marlboro, MD 20772, USA",38.8100806,-76.8199735
Madison,Temple Hills Baptist Church,"4821 St. Barnabas Rd., Temple Hills, MD",https://www.thbchurch.org/,Southern Baptist Convention,Sunday,NA,English,NA,https://www.youtube.com/channel/UClBoEGtbr_hikO0VCoMwNJg,"Warner Aldridge, Pastor","4821 St. Barnabas Rd., Temple Hills, MD, USA",38.823575,-76.949836
Madison,Carolina Missionary Baptist Church,"9901 Allentown Rd.
Ft. Washington, MD 20774",https://carolinachurch.org/,Non-denominational,Sunday,NA,English,NA,https://carolinachurch.online.church/,https://carolinachurch.org/ourleaders/,"9901 Allentown Rd. Ft. Washington, MD 20774, USA",38.7539499,-76.9696339
Madison,El-Bethel Baptist Church,"11384 LIVINGSTON RD, Ft. Washington",https://www.elbethelbc.com/,Non-denominational,Sunday,NA,English,NA,NA,https://www.elbethelbc.com/meet-our-pastor,"11384 LIVINGSTON RD, Ft. Washington, USA",38.7330574,-76.9926542
Madison,New Hope Baptist Church of Prince George's County,"11101 Indian Head Hwy, Fort Washington, MD, United States, 20744",https://www.facebook.com/NHBCPGC/,Non-denominational,Sunday,NA,English,NA,NA,Rev. Dr. Carl Tilghman,"11101 Indian Head Hwy, Fort Washington, MD, United States, 20744",NA,NA
Madison,Greater Revelation Baptist Church,"7617 Allentown Road
Fort Washington, MD 20744",https://thegrbc.org/,Non-denominational,Sunday,NA,English,NA,https://thegrbc.org/sermons/,https://thegrbc.org/our-pastor/,"7617 Allentown Road Fort Washington, MD 20744, USA",38.7852487,-76.9411766
Madison,Capitol Allentown Baptist Ministries,"7911 Allentown Rd.
Ft. Washington, Md. 20744-1744",https://cabministries.org/,Non-denominational,Sunday,NA,English,NA,N/A,N/A,"7911 Allentown Rd. Ft. Washington, Md. 20744-1744, USA",38.7817123,-76.9454519
Madison,Alexander Memorial Baptist Church,"10675 Crain Highway
Upper Marlboro, MD 20772",https://www.alexandermemorial.org/,Non-denominational,Sunday,NA,English,NA,https://www.alexandermemorial.org/media/,https://www.alexandermemorial.org/about-us/our-pastor/,"10675 Crain Highway Upper Marlboro, MD 20772, USA",38.8275958,-76.7336008
Madison,First Baptist Church Upper Marlboro,"7415 Crain Highway.
Upper Marlboro, MD 20772",https://fbcum.org/,Non-denominational,Sunday,NA,English,NA,https://fbcum.org/resources/sermons/,https://fbcum.org/discover/our-leadership/,"7415 Crain Highway. Upper Marlboro, MD 20772, USA",38.7882615,-76.7915001
Madison,Rock Creek Baptist Church,"6707 Woodyard Road
Upper Marlboro, Maryland 20772",https://www.rockcreekministries.com/?fbclid=IwY2xjawQQB3lleHRuA2FlbQIxMABicmlkETFXbzVrUU54eVJXbU5UN1F5c3J0YwZhcHBfaWQQMjIyMDM5MTc4ODIwMDg5MgABHvljtuq5UAR4SSl3P0rt4q1qPEVqkdSfuf8pzkUoobg5IGKsXduSBLvfwNjN_aem_oXaWRkLKjFxS3fRMcbCwaw,Non-denominational,Sunday,NA,English,NA,https://www.youtube.com/channel/UCavxEJJYMobgIsSLfO1OYJA,"Dr. Jeffrey L. Mitchell, Sr.,","6707 Woodyard Road Upper Marlboro, Maryland 20772, USA",38.7978565,-76.8330812
Madison,Faith Deliverance & Resurrection Baptist Church,"8043-D PENN RANDALL PLACE
​UPPER MARLBORO, MD 20772",https://www.fdrbc.org/,Non-denominational,Sunday,NA,English,NA,https://www.facebook.com/faith.deliverance.2025/videos/?id=100057176611906&sk=videos#,https://www.fdrbc.org/pastor-lawrence-womack.html,"8043-D PENN RANDALL PLACE ​UPPER MARLBORO, MD 20772, USA",38.8354666,-76.8663697
Madison,Riverdale Baptist Church,"1177 Largo Road • Upper Marlboro, MD",https://www.riverdalebaptist.org/index.php?,Non-denominational,Sunday,NA,English,NA,https://www.riverdalebaptist.org/index.php?/live,NA,"1177 Largo Road • Upper Marlboro, MD, USA",38.8722629,-76.7874935
Madison,Kettering Baptist Church,"6909 Crain Hwy, Upper Marlboro, MD 20772",https://ketteringministries.org/,Non-denominational,Sunday,NA,English,NA,https://ketteringbaptist.online.church/,https://www.riverdalebaptist.org/index.php?/staff,"6909 Crain Hwy, Upper Marlboro, MD 20772, USA",38.7952236,-76.7728748
Madison,Metropolitan Baptist Church,"1200 Mercantile Lane, Suite 115 B, Largo, MD 20774",https://metropolitanbaptist.org/,Non-denominational,Sunday,NA,English,NA,https://metropolitanbaptist.org/live/,https://metropolitanbaptist.org/leadership-and-staff/,"1200 Mercantile Lane, Suite 115 B, Largo, MD 20774, USA",NA,NA
Madison,Hillandale Baptist Church,"2601 Powder Mill Rd.
Adelphi, Maryland 20783",https://www.hillandalebc.org/,Non-denominational,Sunday,NA,English,NA,https://www.youtube.com/@HillandaleBaptistChurch,https://www.hillandalebc.org/our_people,"2601 Powder Mill Rd. Adelphi, Maryland 20783, USA",39.0264681,-76.9635312
Madison,Tumaini Baptist Church,"5120 Whitfield Chapel Rd, Lanham, MD 20706",https://www.tumainibaptist.com/,Non-denominational,Sunday,NA,English,NA,https://www.youtube.com/@tumainibc,Reverend Julius Bii,"5120 Whitfield Chapel Rd, Lanham, MD 20706, USA",38.9487559,-76.8549575
Madison,Corinthian Baptist Church,"6705 Goodluck Rd Lanham, MD 20706",https://corinthianbaptist.com/,Non-denominational,Sunday,NA,English,NA,https://www.facebook.com/people/Corinthian-Baptist-Church/100069441931730/,N/A,"6705 Goodluck Rd Lanham, MD 20706, USA",NA,NA
Madison,Mt. Calvary Baptist Church,"5120 Whitfield Chapel Rd., Lanham, MD",NA,Non-denominational,Sunday,NA,English,NA,https://video.ibm.com/channel/sVVBX4aR3uZ,https://mtcalvarybaptistmd.org/our-pastor/,"5120 Whitfield Chapel Rd., Lanham, MD, USA",38.9487559,-76.8549575
Madison,Community Bible Baptist Church,"7309 Riverdale Road
Lanham, MD   20706",http://www.communitybiblebaptistchurch.org/,Non-denominational,Sunday,NA,English,NA,http://www.communitybiblebaptistchurch.org/church-media/church-service.html,http://www.communitybiblebaptistchurch.org/about-us/meet-the-senior-pastor.html,"7309 Riverdale Road Lanham, MD 20706, USA",38.9615321,-76.8858563
Madison,First Baptist Church of Captial Heights,6 Capitol Heights Boulevard,https://fbccapitolheights.org/,Non-denominational,Sunday,NA,English,NA,https://www.facebook.com/FirstBaptistChurchofCapitolHeights,https://fbccapitolheights.org/about/leadership/pastor-dugger/,"6 Capitol Heights Boulevard, USA",38.8852076,-76.9138748
Madison,Solid Rock Full Gospel Baptist Church,"7711 Walker Mill Dr
Capitol Heights, MD 20743",https://solidrock7711.com/,Non-denominational,Sunday,NA,English,NA,https://www.youtube.com/@solidrockfullgospelbcmi891/streams,https://solidrock7711.com/our-bishop/,"7711 Walker Mill Dr Capitol Heights, MD 20743, USA",38.8856472,-76.8727071
Madison,Abyssinia Baptist Church,"4705 Addison Road
Capitol Heights, Maryland 20743",https://abyssiniabaptistchurch.org/home.aspx,Non-denominational,Sunday,NA,English,NA,https://www.youtube.com/@AbyssiniaBaptistChurch/featured,Pastor R.W. Trice Jr.,"4705 Addison Road Capitol Heights, Maryland 20743, USA",38.9104699,-76.9256563
Madison,Antioch Baptist Church of Upper Marlboro,"13205 Old Marlboro Pike, Upper Marlboro, MD.",https://www.facebook.com/HomeAntioch/,Non-denominational,Sunday,NA,English,NA,https://www.facebook.com/HomeAntioch/,NA,"13205 Old Marlboro Pike, Upper Marlboro, MD., USA",38.8151653,-76.7766584
Madison,Mt. Calvary Free Will Baptist Church,"607 62nd Ave Fairmount Heights, MD 20743",(301) 636-9595,Non-denominational,NA,NA,NA,NA,NA,NA,"607 62nd Ave Fairmount Heights, MD 20743, USA",38.8976779,-76.9118721
Madison,First Baptist Church of Fairmount Heights,"806 58th Ave, Fairmount Heights, MD 20743",https://fbcfairmounthts.org/,Non-denominational,Sunday,NA,English,NA,https://fbcfairmounthts.org/fbcfh-livestream/,https://fbcfairmounthts.org/meet-pastor-winchester/,"806 58th Ave, Fairmount Heights, MD 20743, USA",38.9009352,-76.917164
Madison,Hillcrest Baptist Church,"2200 Iverson Street
Temple Hills, MD 20748",http://www.hbcmd.org/,Non-denominational,Sunday,NA,English,NA,http://www.hbcmd.org/zoom-information,http://www.hbcmd.org/about-us/leadership,"2200 Iverson Street Temple Hills, MD 20748, USA",38.8325296,-76.9618466
Madison,New Chapel Baptist Church,"5601 Old Branch Ave,
Camp Springs, MD 20748",https://www.thechapelncbc.com/,Non-denominational,Sunday,NA,English,NA,https://www.facebook.com/thechapelncbc,https://www.thechapelncbc.com/about-us,"5601 Old Branch Ave, Camp Springs, MD 20748, USA",38.8122786,-76.9155716
Madison,Central Baptist Church of Camp Springs,"5600 Old Branch Avenue Temple Hills, MD 20748",https://centralbaptistchurchcs.org/,Non-denominational,Sunday,NA,English,NA,https://www.youtube.com/user/CBCCSVideoSrv,https://centralbaptistchurchcs.org/index.cfm/aboutus/ministerial/zid/37/contentid/139/page/ministerial-staff/zid/37/contentid/139,"5600 Old Branch Avenue Temple Hills, MD 20748, USA",38.8294123,-76.9311921
Madison,Saint Stephens Baptist Church,"5757 Temple Hill Road
Temple Hills, MD 20748",https://www.ssbcmd.org/,Non-denominational,Sunday,NA,English,NA,https://www.ssbcmd.org/watch-live,https://www.ssbcmd.org/ministerial-staff,"5757 Temple Hill Road Temple Hills, MD 20748, USA",38.8040834,-76.9332718
Madison,St. Phillips Baptist Church,"3415 Brinkley Road
Temple Hills, MD 20748",https://www.stphillipsbaptistchurch.org/,Non-denominational,Sunday,NA,English,NA,https://www.stphillipsbaptistchurch.org/media-livestream,https://www.stphillipsbaptistchurch.org/the-pastors-desk,"3415 Brinkley Road Temple Hills, MD 20748, USA",38.802611,-76.9497343
Madison,Mt. Calvary Missionary Baptist Church,"5000 St Barnabas Rd, Temple Hills, MD 20748",https://mcmbc-md.com/,Non-denominational,Sunday,NA,English,NA,https://www.facebook.com/5000mcmbc/live_videos/,Pastor John Sawyer,"5000 St Barnabas Rd, Temple Hills, MD 20748, USA",38.8208762,-76.9558895
Madison,Kent Baptist Church,"7006 Flagstaff St, Landover, MD 20785",https://www.kentbc.org/,Non-denominational,Sunday,NA,English,NA,https://www.kentbc.org/watch-us/,https://www.kentbc.org/our-pastor/,"7006 Flagstaff St, Landover, MD 20785, USA",38.9209243,-76.8861115
Madison,Uplift Baptist Church,"7100 Martin Luther King, Jr. Hwy, Hyattsville, MD 20785",https://www.upliftbaptist.com/,Non-denominational,Sunday,NA,English,NA,https://www.youtube.com/channel/UCgFtzeElT-C6hndK6KZqAaQ,https://www.upliftbaptist.com/Pastor-Hughes,"7100 Martin Luther King, Jr. Hwy, Hyattsville, MD 20785, USA",NA,NA
Madison,City of Praise Family Ministries,"8501 Jericho City Drive 
Landover, MD, 20785",https://www.cityofpraisechurch.com/?fbclid=IwY2xjawQajSBleHRuA2FlbQIxMABicmlkETFWdjdVRTZvTW5uVWNEamVNc3J0YwZhcHBfaWQQMjIyMDM5MTc4ODIwMDg5MgABHkwUzNH7Q_BA4B-A4rg44exqXXNALQouQ_u5OagIMgBIWDN2j_Ei2CIoU1mb_aem_yZhngTPney1rgywkKVZnfw,Non-denominational,Sunday,NA,English,NA,https://www.youtube.com/@cityofpraisefamilyministri6758/featured,Bishop Joel Peebles,"8501 Jericho City Drive Landover, MD, 20785, USA",NA,NA
Madison,Little David Baptist Church,"7830 Central Avenue, Capitol Heights, MD, United States, 20785",https://www.facebook.com/littleDavidBaptistChurchMD/,Non-denominational,Sunday,NA,English,NA,NA,NA,"7830 Central Avenue, Capitol Heights, MD, United States, 20785",NA,NA
Madison,New Home Baptist Church Inc,"8320 Landover Road, Landover, Md 20785",https://newhomebc.org/,Non-denominational,Sunday,NA,English,NA,https://newhomebc.org/livestream/,https://newhomebc.org/about-us/our-staff/,"8320 Landover Road, Landover, Md 20785, USA",38.9222343,-76.8649122
Madison,Forestville New Redeemer Baptist Church,"7808 Marlboro Pike, Forestville, Md 20747",https://www.forestvillenewredeemer.org/home,Non-denominational,Sunday,NA,English,NA,https://www.forestvillenewredeemer.org/livestream,NA,"7808 Marlboro Pike, Forestville, Md 20747, USA",38.8426665,-76.8704179
Madison,Mount Sinai Missionary Baptist Church,"5915 Old Silver Hill Rd. Forestville Md, 20747",https://www.msmbc.net/,Non-denominational,Sunday,NA,English,NA,https://www.msmbc.net/sermons,https://www.msmbc.net/church-staff,"5915 Old Silver Hill Rd. Forestville Md, 20747, USA",38.8535555,-76.9073487
Madison,Heart of God Baptist Church,"7100 Chesapeake Rd Suites 205-206, Hyattsville, MD, United States, 20784",https://www.facebook.com/heartofGodbaptist/,Non-denominational,Sunday,NA,English,NA,https://www.facebook.com/heartofGodbaptist/live_videos,"Pastor Anthony B. Cason, Sr.","7100 Chesapeake Rd Suites 205-206, Hyattsville, MD, United States, 20784",NA,NA
Madison,First Baptist Church of Suitland,"5400 Silver Hill Rd., Forestville, MD 20747",https://www.fbcsuitland.org/,Baptist Convention of Maryland/Deleware and Soouthern Baptist Convention,Sunday,NA,English,NA,https://www.fbcsuitland.org/media/,https://www.fbcsuitland.org/our-pastor/,"5400 Silver Hill Rd., Forestville, MD 20747, USA",38.8619826,-76.9014455
Madison,The Heights Church/ First Baptist Church of District Heights Maryland,"7234 Lansdale St., District Heights, MD. 20747",https://www.fbcdh.org/,Non-denominational,Sunday,NA,English,NA,https://starvin-dev.com/the-height/watch-live/,Dr. Bobby Manning,"7234 Lansdale St., District Heights, MD. 20747, USA",38.859012,-76.8808998
Madison,Spirit of Christ Baptist Church,"8005 Cryden Way, Forestville, MD 20747",https://www.spiritofchristbc.org/,Non-denominational,Sunday,NA,English,NA,NA,https://www.spiritofchristbc.org/#pastor,"8005 Cryden Way, Forestville, MD 20747, USA",38.8481221,-76.8680513
Madison,Word of God Bible Baptist Church,"7621 Penn Belt Drive, Forestville, MD, United States, 20747",https://www.facebook.com/WOGBBC/,Non-denominational,Sunday,NA,English,NA,https://www.facebook.com/WOGBBC/live_videos,Pastor Robert Cotton,"7621 Penn Belt Drive, Forestville, MD, United States, 20747",NA,NA
Madison,"Independent Baptist Church of Clinton, MD.","9255 Piscataway Road, Clinton, MD, United States, 20735",https://www.facebook.com/ibcministries/,Non-denominational,Sunday,NA,English,NA,https://www.facebook.com/ibcministries/live_videos,NA,"9255 Piscataway Road, Clinton, MD, United States, 20735",NA,NA
Madison,Mt. Paran Baptist Church,"6413 Old Alexandria Ferry Road Clinton, MD 20735",https://mtparanbc.org/,Non-denominational,Sunday,NA,English,NA,https://www.facebook.com/mountparanonline/live_videos,https://mtparanbc.org/leadership/,"6413 Old Alexandria Ferry Road Clinton, MD 20735, USA",38.7853227,-76.8951857
Madison,Antioch Baptist Church of Clinton,"9107 Pineview Lane
Clinton, MD 20735",https://abcocmd.org/,Non-denominational,Sunday,NA,English,NA,https://abcocmd.org/live-stream/,https://abcocmd.org/all-are-welcome/meet-pastor-j/,"9107 Pineview Lane Clinton, MD 20735, USA",NA,NA
Madison,First Baptist Church of Laurel,"First Baptist Church
15000 First Baptist Lane, Laurel, MD 20707",https://fbclaurel.com/,Non-denominational,Sunday,NA,English,NA,https://fbclaurel.com/live/,https://fbclaurel.com/about/our-leadership/,"First Baptist Church 15000 First Baptist Lane, Laurel, MD 20707, USA",39.0999407,-76.8769897
Madison,Berwyn Baptist Church,"Berwyn Baptist Church
4720 Cherokee St
College Park, MD 20740",https://www.berwynbaptist.org/,Non-denominational,Sunday,NA,English,NA,https://www.berwynbaptist.org/videos/,https://www.berwynbaptist.org/about/pastoral-team/,"Berwyn Baptist Church 4720 Cherokee St College Park, MD 20740, USA",NA,NA
Madison,Landover Hills Baptist Church,"4420 73rd Ave
Landover Hills, Maryland, 20784",https://www.lhbcmd.org/,Non-denominational,Sunday,NA,English,NA,NA,NA,"4420 73rd Ave Landover Hills, Maryland, 20784, USA",38.9459818,-76.8898477
Madison,Full Gospel Baptist Church,"4827 Glenoak Rd, Hyattsville, MD, United States, 20784",https://www.facebook.com/p/The-Full-Gospel-Baptist-Church-100064362562397/,Non-denominational,Sunday,NA,English,NA,NA,NA,"4827 Glenoak Rd, Hyattsville, MD, United States, 20784",NA,NA
Madison,Cheverly Baptist Church,"7400 Buchanan Street, 
PO Box 2370 
Hyattsville, MD 20784",https://cheverlybaptist.org/,Non-denominational,Sunday,NA,English,NA,https://cheverlybaptist.org/sermons,NA,"7400 Buchanan Street,Hyattsville, MD 20784, USA",38.9483147,-76.8862943
Madison,Tabernacle Baptist Assembly,"2972 Kaverton Rd, Forestville, MD, United States, 20747",https://www.facebook.com/InTheTabernacle777/,Non-denominational,Sunday,NA,English,NA,https://www.facebook.com/InTheTabernacle777/live_videos,NA,"2972 Kaverton Rd, Forestville, MD, United States, 20747",NA,NA
Madison,Oxon Hill Baptist Church,"5701 Livingston Rd. Oxon Hill, MD  20745",https://www.thirdbaptistchurchdc.org/,Non-denominational,Sunday,NA,English,NA,https://www.youtube.com/@3rdBaptistChurchDC,NA,"5701 Livingston Rd. Oxon Hill, MD 20745, USA",38.8113895,-76.9954095
Madison,Emmanuel Baptist Church - Laurel,"11443 Laurel Bowie Road
Laurel, Maryland 20708",https://emmanuelbaptist-laurel.org/,Non-denominational,Sunday,NA,English,NA,https://emmanuelbaptist-laurel.org/sermons/,https://www.thirdbaptistchurchdc.org/our-pastor,"11443 Laurel Bowie Road Laurel, Maryland 20708, USA",39.0468293,-76.8248802
Madison,Suitland Road Baptist Church,"6412 Suitland Road
Suitland, Maryland 20746",https://srbcoutreach.org/,Non-denominational,Sunday,NA,English,NA,via the conference # (617) 769-8377.,"Kelvin McCune
Pastor","6412 Suitland Road Suitland, Maryland 20746, USA",38.8302979,-76.8952585
Madison,Ascension Baptist Church of Suitland,"3803 Regency Parkway, Ascension Baptist Church of Suitland, MD",https://ascensionbc.org/?fbclid=IwY2xjawQasvZleHRuA2FlbQIxMABicmlkETEwUmVxWUNDOXNGVHcyU3l0c3J0YwZhcHBfaWQQMjIyMDM5MTc4ODIwMDg5MgABHlBJ66rWvBdwOSrX7LZwZD5MZgzoLJ2lTeUPKVYfss4x04pEEVtrgLD4CCQx_aem_vGLjLAKgNcWYKMBW98SCjw,Non-denominational,Sunday,NA,English,NA,https://www.youtube.com/@ascensionbc_3803,https://ascensionbc.org/about-us/,"3803 Regency Parkway, Ascension Baptist Church of Suitland, MD, USA",NA,NA
Madison,Galilee Baptist Church,"2101 Shadyside Avenue, Suitland, MD  20746",https://galileenow.tv/,Non-denominational,Sunday,NA,English,NA,https://galileenow.tv/watch-live,https://galileenow.tv/ministry-leadership,"2101 Shadyside Avenue, Suitland, MD 20746, USA",38.8612332,-76.9335136
Madison,Shiloh Baptist Church of Landover,"8801 Ardwick Ardmore Rd, Landover",https://www.shilohbc.org/,Non-denominational,Sunday,NA,English,NA,https://www.shilohbc.org/church-online/,https://www.shilohbc.org/pastors-desk/,"8801 Ardwick Ardmore Rd, Landover, USA",38.9433926,-76.8722079
Madison,Whitehall Baptist Church,"1205 Farmington Rd E, Accokeek, MD, United States, 20607",https://www.facebook.com/whitehallbaptistmd/,Non-denominational,Sunday,NA,English,NA,https://www.facebook.com/whitehallbaptistmd/live_videos,NA,"1205 Farmington Rd E, Accokeek, MD, United States, 20607",NA,NA
Madison,First Baptist Church of Mount Rainier,3103 Shepard Street,https://firstbaptmr.org/Home,Non-denominational,Sunday,NA,English,NA,"Phone # 301-715-8592 
Meeting ID: 85193461076
Password: 803470",NA,"3103 Shepard Street, USA",33.7069821,-118.2931285
Madison,The Triumphant Church,"4603 Eastern Ave.
Mt. Rainier, MD 20712",https://www.thetriumphantchurch.org/,Non-denominational,Sunday,NA,English,NA,https://www.youtube.com/c/WeAreTriumphantChurch,https://www.thetriumphantchurch.org/about/staff,"4603 Eastern Ave. Mt. Rainier, MD 20712, USA",38.9442416,-76.9743077
Madison,Glenn Dale Baptist Church,"11304 Old Prospect Hill Rd, Glenn Dale, MD, United States, 20769-9422",https://www.facebook.com/p/Glenn-Dale-Baptist-Church-100067198904424/,Non-denominational,Sunday,NA,English,NA,https://www.facebook.com/profile.php?id=100067198904424&sk=live_videos,NA,"11304 Old Prospect Hill Rd, Glenn Dale, MD, United States, 20769-9422",NA,NA
Derek,University Park YSA Ward,"7601 Mowatt Ln, COLLEGE PARK, Maryland 20740",NA,Latter Day Saints,Sunday,NA,English,NA,NA,NA,"7601 Mowatt Ln, COLLEGE PARK, Maryland 20740, USA",38.9819172,-76.9474608
Derek,Hyattsville,"3790 East West Highway, Hyattsville, MD 20782",https://local.churchofjesuschrist.org/en/us/md/hyattsville/3790-east-west-highway,Latter Day Saints,Sunday,NA,French,NA,NA,NA,"3790 East West Highway, Hyattsville, MD 20782, USA",38.9668999,-76.9496128
Derek,Glenn Dale,"11525 Prospect Hill Road, Glenn Dale, MD 20769",https://local.churchofjesuschrist.org/en/us/md/glenn-dale/11525-prospect-hill-road,Latter Day Saints,Sunday,NA,Spanish,NA,NA,NA,"11525 Prospect Hill Road, Glenn Dale, MD 20769, USA",38.9845533,-76.8058987
Derek,Bowie,"16621 Sylvan Drive, Bowie, MD 20715",https://local.churchofjesuschrist.org/en/us/md/bowie/16621-sylvan-drive,Latter Day Saints,Sunday,NA,English,NA,NA,NA,"16621 Sylvan Drive, Bowie, MD 20715, USA",38.9771401,-76.7162411
Derek,Laurel,"7200 Contee Road, Laurel, MD 20707",https://local.churchofjesuschrist.org/en/us/md/laurel/7200-contee-road,Latter Day Saints,Sunday,NA,Spanish,NA,NA,NA,"7200 Contee Road, Laurel, MD 20707, USA",39.083338,-76.883506
Zephan Matteson,Maranatha Adventist Fellowship Church,13325 11th St,https://mafchurch.org/,Adventist,Saturday,NA,English,No,NA,Unknown,"13325 11th St, USA",39.0063748,-76.7706371
Zephan Matteson,Nueva Esperanza Spanish SDA Church,6513 Queens Chapel Rd,https://langleyparkspanishmd.adventistchurch.org/,Seventh-Day Adventist,Saturday,NA,Spanish,No,NA,1,"6513 Queens Chapel Rd, USA",38.9689532,-76.9433462
Zephan Matteson,BLADENSBURG SDA CHURCH,"11911 Lanham-Severn RD Bowie, MD 20720",https://www.bladensburgsda.org/,Seventh-Day Adventist,Saturday,NA,English,No,https://www.youtube.com/user/BladensburgSDAChurch,1,"11911 Lanham-Severn RD Bowie, MD 20720, USA",38.9976637,-76.798954
Zephan Matteson,Beltsville Adventist Church,"4200 Ammendale RoadBeltsville, MD 20705",https://www.beltsvillesda.org/,Adventist,Saturday,NA,English,Spanish,NA,5,"4200 Ammendale RoadBeltsville, MD 20705, USA",NA,NA
Zephan Matteson,Beltsville Spanish Seventh-Day Adventist Church,"1 Hillside Rd, Greenbelt, MD, 20770",NA,Seventh-Day Adventist,Saturday,NA,Spanish,No,NA,1,"1 Hillside Rd, Greenbelt, MD, 20770, USA",39.0052197,-76.8758921
Zephan Matteson,Hyattsville SDA Church,"4905 42nd Place, Hyattsville, MD 20781",https://hyattsvillemd.adventistchurch.org/,Seventh-Day Adventist,Saturdy,NA,English,No,https://www.youtube.com/@hyattsvillesdachurch7437/streams,1,"4905 42nd Place, Hyattsville, MD 20781, USA",38.9496848,-76.9437523
Zephan Matteson,Hyattsville Spanish SDA Church,"4815 Edmonston Rd Hyattsville, MD",https://hyattsvillespanishmd.adventistchurch.org/,Seventh-Day Adventist,Saturday,NA,Spanish,No,NA,Uknown,"4815 Edmonston Rd Hyattsville, MD, USA",38.9467504,-76.927967
Zephan Matteson,Living Water Adventist Church,"4201 Guilford Drive, College Park, MD 20740",https://www.livingwatersda.org/,Adventist,Saturday,NA,English,No,https://www.youtube.com/@LivingWaterAdventist,4,"4201 Guilford Drive, College Park, MD 20740, USA",38.9802327,-76.9440048
Zephan Matteson,Central D.C. Spanish SDA Church,"322 Ethan Allen Ave Takoma Park, MD",https://centraldcspanishdc.adventistchurch.org/,Seventh-Day Adventist,Saturday,NA,Spanish,No,NA,1,"322 Ethan Allen Ave Takoma Park, MD, USA",38.978289,-77.0026833
Zephan Matteson,Community of Hope SDA Church,"6501 Seat Pleasant Dr, Capitol Heights, MD 20743",https://www.cohsda.org/,Seventh-Day Adventist,Saturday,NA,English,No,https://www.cohsda.org/watch-live,2,"6501 Seat Pleasant Dr, Capitol Heights, MD 20743, USA",38.8982113,-76.895718
Zephan Matteson,Ebenezer Spanish SDA Church,"5701 42nd Ave Hyattsville, MD",https://ebenezerspanishmd.adventistchurch.org/,Seventh-Day Adventist,Saturday,NA,Spanish,No,NA,1,"5701 42nd Ave Hyattsville, MD, USA",38.9569094,-76.9458946
Zephan Matteson,Filipino American Capital SDA Church,"4216 Powder Mill Rd, Beltsville, MD 20705-2747",https://filamcapsda.org/,Seventh-Day Adventist,Saturday,NA,English,No,https://filamcapsda.org/livestream1/,2,"4216 Powder Mill Rd, Beltsville, MD 20705-2747, USA",39.0516344,-76.9240587
Zephan Matteson,French American SDA Company,"7600 Flower Ave Rm 406 Takoma Park, MD",https://frenchamericanmd.adventistchurch.org/,Seventh-Day Adventist,Saturday,NA,English,No,NA,Unkown,"7600 Flower Ave Rm 406 Takoma Park, MD, USA",NA,NA
Zephan Matteson,Landover Hills Spanish SDA Church,"7009 Varnum St Landover Hills, MD",https://landoverhillsspanishmisisonmd.adventistchurch.org/,Seventh-Day Adventist,Saturday,NA,Spanish,No,NA,1,"7009 Varnum St Landover Hills, MD, USA",38.9434823,-76.8948939
Zephan Matteson,Light Bearers Mission SDA Church,"6120 Allentown Road, Suitland, MD 20746",https://lightbearersmd.adventistchurch.org/,Seventh-Day Adventist,Saturday,NA,English,No,NA,41,"6120 Allentown Road, Suitland, MD 20746, USA",38.8042633,-76.904689200000007
Zephan Matteson,Metropolitana Spanish of Seventh-day Adv,"6421 Old Landover Rd North Englewood, MD",https://metrodcspanishmd.adventistchurch.org/,Seventh-Day Adventist,Saturday,NA,Spanish,No,NA,1,"6421 Old Landover Rd North Englewood, MD, USA",NA,NA
Zephan Matteson,Mount Rainier Spanish SDA Church,"6012 Ager Rd Hyattsville, MD",https://mountrainierspanishhyattsvillemd.adventistchurch.org/,Seventh-Day Adventist,Saturday,NA,Spanish,No,NA,1,"6012 Ager Rd Hyattsville, MD, USA",38.9642978,-76.9728073
Zephan Matteson,Oxon Hill Spanish SDA Church,"6400 Livingston Rd Oxon Hill, MD",https://oxonhillspanishmd.adventistchurch.org/,Seventh-Day Adventist,Saturday,NA,Spanish,No,NA,1,"6400 Livingston Rd Oxon Hill, MD, USA",38.801123,-76.9862885
Zephan Matteson,Pennsylvania Avenue Seventh-day Adventist Church,"4010 Belt Road, Capitol Heights, MD 20743",http://www.pasdac.org/,Seventh-Day Adventist,Saturday,NA,English,No,NA,1,"4010 Belt Road, Capitol Heights, MD 20743, USA",38.8640802,-76.9449974
Zephan Matteson,Restoration Praise Center,"14201 Old Stage Road, Bowie, Maryland 20720",https://www.rpcsda.org/,Seventh-Day Adventist,Saturday,NA,English,No,https://www.youtube.com/@rpcsda/streams,2,"14201 Old Stage Road, Bowie, Maryland 20720, USA",38.9576472,-76.7593692
Zephan Matteson,Riverdale for Jesus SDA Church,"5820 Riverdale Rd Riverdale, MD",https://riverdaleforjesusmd.adventistchurch.org/,Seventh-Day Adventist,Saturday,NA,Spanish,No,NA,1,"5820 Riverdale Rd Riverdale, MD, USA",38.9607682,-76.914919
Zephan Matteson,Seabrook SDA Church,"8900 Good Luck Road, Lanham, MD 20706",https://seabrooksda.org/,Seventh-Day Adventist,Saturday,NA,English,No,https://seabrooksda.org/watch/,3,"8900 Good Luck Road, Lanham, MD 20706, USA",38.9795599,-76.851992
Zephan Matteson,Sheriff Road SDA Company,"602 59th Ave Fairmount Heights, MD",https://sheriffroadmd.adventistchurch.org/,Seventh-Day Adventist,Saturday,NA,English,No,https://www.youtube.com/@SheriffRoadSDA/streams,1,"602 59th Ave Fairmount Heights, MD, USA",38.8985677,-76.9161889
Zephan Matteson,Sligo SDA Church,"7700 Carroll Avenue Takoma Park, MD 20912",https://sligochurch.org/,Seventh-Day Adventist,Unknown,NA,English,No,https://media.sligochurch.org/,10,"7700 Carroll Avenue Takoma Park, MD 20912, USA",38.9855938,-76.9974862
Zephan Matteson,Takoma Park Seventh-day Adventist Church,"6951 Carroll Ave, Takoma Park, MD 20912",https://www.thetpchurch.org/,Seventh-Day Adventist,Saturday,NA,English,No,https://www.youtube.com/@TakomaParkSDA/streams,4,"6951 Carroll Ave, Takoma Park, MD 20912, USA",38.9743689,-77.0129453
Zephan Matteson,Takoma Park Spanish SDA Church,"8400 Carroll Ave Takoma Park, MD",https://takomaparkspanishmd.adventistchurch.org/,Seventh-Day Adventist,Saturday,NA,Spanish,No,NA,1,"8400 Carroll Ave Takoma Park, MD, USA",38.983292,-77.0003758
Zephan Matteson,Washington Brazilian Seventh-day Adventist Church,"8108 54th Ave, College Park, MD 20740",https://www.braziliansda.com/,Seventh-Day Adventist,Saturday,NA,Portugese,No,https://www.youtube.com/@iasdwashington/streams,1,"8108 54th Ave, College Park, MD 20740, USA",38.9895971,-76.9247935
Zephan Matteson,Horeb Hatian SDA Church,"3310 Powder Mill Rd. Hyattsville, MD 20783",https://www.horebsda.org/,Seventh-Day Adventist,Saturday,NA,English,Yes,https://www.horebsda.org/video-archives/,4,"3310 Powder Mill Rd. Hyattsville, MD 20783, USA",39.0364388,-76.949138
Zephan Matteson,St. John’s Broad Creek Episcopal Church,"9801 Livingston Rd, Fort Washington, MD 20744",https://stjohnsbroadcreek.org/,Episcopal/Anglican,Sunday,NA,English,No,https://www.facebook.com/100064566467215/posts/3152452024995196/,1,"9801 Livingston Rd, Fort Washington, MD 20744, USA",38.7556609,-77.0009664
Zephan Matteson,Christ Church - Accokeek,"600 Farmington Road, West Accokeek, MD 20608-9655",https://www.accokeekchurch.org/,Episcopal/Anglican,Sunday,NA,English,No,NA,1,"600 Farmington Road, West Accokeek, MD 20608-9655, USA",NA,NA
Zephan Matteson,St Thomas' - Upper Marlboro,"14300 St. Thomas' Church Road Upper Marlboro, MD 20772",https://www.stthomascroom.org/,Episcopal/Anglican,Sunday,NA,English,No,Zoom,3,"14300 St. Thomas' Church Road Upper Marlboro, MD 20772, USA",38.7487149,-76.7587609
Zephan Matteson,Christ Church - Clinton,"8710 Old Branch Avenue, Clinton, MD  20735",https://christchurchclinton.org/,Episcopal/Anglican,Sunday,NA,English,No,Zoom,2,"8710 Old Branch Avenue, Clinton, MD 20735, USA",38.7695054,-76.8989114
Zephan Matteson,St. Barnabas Anglican Church,"St. Barnabas’ Episcopal Church, 14111 Oak Grove Road",https://stbarnabas.net/,Episcopal/Anglican,Sunday,NA,English,No,Zoom,2,"St. Barnabas’ Episcopal Church, 14111 Oak Grove Road, USA",NA,NA
Zephan Matteson,"St. Philip's Episcopal Church, Baden Parish","13801 Baden Westwood Rd., Brandywine, MD 20613",https://stphilipsbaden.org/,Episcopal/Anglican,Sunday,NA,English,No,NA,4,"13801 Baden Westwood Rd., Brandywine, MD 20613, USA",NA,NA
Zephan Matteson,Trinity Episcopal Mission Upper Marlboro,"4515 Church Street, Upper Marlboro, MD 20772",https://trinityuppermarlboro.org/,Episcopal/Anglican,Sunday,NA,English,No,Zoom,3,"4515 Church Street, Upper Marlboro, MD 20772, USA",38.814829,-76.7530839
Zephan Matteson,St. Andrews Episcopal Chruch,"4512 College Avenue, College Park, Maryland 20740",https://saeccp.org/,Episcopal/Anglican,Sunday,NA,English,No,https://www.youtube.com/@st.andrews-collegepark595/streams,4,"4512 College Avenue, College Park, Maryland 20740, USA",38.9820822,-76.9350098
Zephan Matteson,St. Christopher's Church,"8001 Annapolis Road, New Carrollton, MD 20784",https://www.stchrispgc.org/,Episcopal/Anglican,Sunday,NA,English,No,https://www.youtube.com/@st.christophersepiscopalch413/streams,2,"8001 Annapolis Road, New Carrollton, MD 20784, USA",38.9548291,-76.873183
Zephan Matteson,All Saints Anglican Church,"4849 Lydell Rd, Hyattsville, MD 20781",https://allsaintschurchmd.org/,Episcopal/Anglican,Sunday,NA,English,No,https://www.youtube.com/@allsaintsanglicanchurch8112/streams,Unknown,"4849 Lydell Rd, Hyattsville, MD 20781, USA",38.9262342,-76.9233039
Zephan Matteson,ALL SAINTS IGBO ANGLICAN  CHURCH (ASIAC),"5901 Medical, Terrace, Cheverly MD",https://asiac.org/,Episcopal/Anglican,Sunday,NA,English,No,https://www.youtube.com/channel/UCiOxvnz_skInc1_K3pSUzDA,3,"5901 Medical, Terrace, Cheverly MD, USA",38.9336312,-76.916254
Zephan Matteson,St. Mathews Episcopal Church,"5901 36th Avenue Hyattsville, MD 20782",https://stmatthewshyattsville.org/,Episcopal/Anglican,Sunday,NA,Spanish,Yes,https://www.facebook.com/StMatthewParish,2,"5901 36th Avenue Hyattsville, MD 20782, USA",38.9619991,-76.9561393
Zephan Matteson,St. George's Episcopal Church,"7010 Glenn Dale Road, Glenn Dale, MD 20769",https://www.stgeorgesglenndale.org/,Episcopal/Anglican,Sunday,NA,English,No,Zoom,3,"7010 Glenn Dale Road, Glenn Dale, MD 20769, USA",38.9868515,-76.8199087
Zephan Matteson,St. John's Episcopal/Anglican Church,"4112 34th Street, Mt. Rainier, MD 20712-1948",https://www.stjohnsmountrainier.org/,Episcopal/Anglican,Sunday,NA,English,No,https://www.youtube.com/@StJohnsMountRainier/streams,3,"4112 34th Street, Mt. Rainier, MD 20712-1948, USA",38.940144,-76.9613814
Zephan Matteson,Michael & All Angels Episcopal/Anglican Church,"8501 New Hampshire Avenue, Adelphi, MD  20783",https://www.stmichaelsadelphi.org/,Episcopal/Anglican,Sunday,NA,English,No,Zoom,Unkonwn,"8501 New Hampshire Avenue, Adelphi, MD 20783, USA",38.9977789,-76.9838528
Zephan Matteson,St. John's Episcopal Church,"11040 Baltimore Avenue, Beltsville, MD 20705",https://saintjohnsbeltsville.org/,Episcopal/Anglican,Sunday,NA,English,No,https://www.youtube.com/channel/UCUjuYaLo3TLScomtGOERfKg,7,"11040 Baltimore Avenue, Beltsville, MD 20705, USA",39.0348695,-76.90837
Zephan Matteson,Epiphany Episcopal Church,"3111 Ritchie Road, Forestville, MD 20747",https://www.epiphanyforestville.org/,Episcopal/Anglican,Sunday,NA,Enlgish,No,Zoom,1,"3111 Ritchie Road, Forestville, MD 20747, USA",38.8472653,-76.8752596
Zephan Matteson,St. Philip’s Episcopal Church,"522 Main Street, Laurel, MD 20707-4118",https://www.stphilipslaurel.org/,Episcopal/Anglican,Sunday,NA,English,No,https://www.youtube.com/@st.philipsepiscopalchurchl9927/streams,7,"522 Main Street, Laurel, MD 20707-4118, USA",39.1072638,-76.8516972
Zephan Matteson,St. Paul's Baden,"13500 Baden Westwood Road, Brandywine, Maryland 20613",https://stpaulsbaden.org/,Episcopal/Anglican,Sunday,NA,English,No,NA,2,"13500 Baden Westwood Road, Brandywine, Maryland 20613, USA",38.6604425,-76.7723911
Zephan Matteson,St. Barnabas,"5203 Saint Barnabas Rd, Temple Hills, MD, United States, 20748",https://www.episcopalassetmap.org/dioceses/diocese-washington/list/st-barnabas-temple-hills,Episcopal/Anglican,Sunday,NA,English,No,NA,NA,"5203 Saint Barnabas Rd, Temple Hills, MD, United States, 20748",NA,NA
Daniel,University of Maryland Catholic Student Center,"4141 Guilford Dr, College Park, MD 20740",https://catholicterps.org/,Catholic,6,NA,NA,NA,n/a,NA,"4141 Guilford Dr, College Park, MD 20740, USA",38.9805791,-76.9453305
Daniel,Saint Jerome Catholic Church,"5205 43rd Avenue Hyattsville, MD, 20781",https://www.stjeromes.org/,Catholic,7,NA,NA,NA,n/a,NA,"5205 43rd Avenue Hyattsville, MD, 20781, USA",38.9532549,-76.942578
Daniel,Ascension Catholic Church,"12700 Lanham Severn Road Bowie, MD 20720",https://ascensionbowie.org/,Catholic,6,NA,NA,NA,n/a,NA,"12700 Lanham Severn Road Bowie, MD 20720, USA",39.0063017,-76.7879963
Daniel,Saint John the Evangelist Catholic Church,"8908 Old Branch Avenue, Clinton, MD 20735",https://sjeclinton.org/,Catholic,7,NA,NA,NA,n/a,NA,"8908 Old Branch Avenue, Clinton, MD 20735, USA",38.7673997,-76.8980335
Daniel,Church of the Holy Spirit,"1717 Ritchie Rd, District Heights, MD 20747",https://holyspiritmd.org/,Catholic,7,NA,NA,NA,n/a,NA,"1717 Ritchie Rd, District Heights, MD 20747, USA",38.8666322,-76.864373
Daniel,Most Holy Rosary Catholic Church,"11704 Duley Station Rd, Upper Marlboro, MD 20772",https://www.mostholyrosarychurch.org/,Catholic,6,NA,NA,NA,https://www.mostholyrosarychurch.org/live-mass,NA,"11704 Duley Station Rd, Upper Marlboro, MD 20772, USA",NA,NA
Daniel,Holy Family Catholic Church,"2210 Callaway Street, Hillcrest Heights, MD 20748",https://holyfamilyparishmd.org/,Catholic,6,NA,NA,NA,n/a,NA,"2210 Callaway Street, Hillcrest Heights, MD 20748, USA",NA,NA
Daniel,Holy Family Parish,"12010 Woodmore Road Mitchellville, MD 20721",https://holyfamilywoodmore.org/,Catholic,7,NA,NA,NA,https://youtu.be/eftdyLN2yjA,NA,"12010 Woodmore Road Mitchellville, MD 20721, USA",NA,NA
Daniel,Holy Redeemer Parish,"4902 Berwyn Road, College Park, Maryland 20740",https://parish.holy-redeemer.org/,Catholic,7,NA,NA,NA,n/a,NA,"4902 Berwyn Road, College Park, Maryland 20740, USA",38.9953635,-76.9278016
Daniel,Mount Cavalry Catholic Church,"6700 Marlboro Pike, Forestville, MD 20747-3272",https://mountcalvarycatholicchurch.org/staff,Catholic,6,NA,NA,NA,n/a,NA,"6700 Marlboro Pike, Forestville, MD 20747-3272, USA",38.8524731,-76.8906345
Daniel,Our Lady of Sorrows Parish,"1006 LARCH AVENUE, TAKOMA PARK, MD, 20912, UNITED STATES",https://ladyofsorrows.org/,Catholic,7,NA,NA,NA,NA,NA,"1006 LARCH AVENUE, TAKOMA PARK, MD, 20912, UNITED STATES",38.9775435,-76.9914925
Daniel,Resurrection of Our Lord Roman Catholic Church,"8402 Brock Bridge Rd, Laurel, MD, 20724, United States",https://roollaurel.org/,Catholic,7,NA,spanish,NA,NA,NA,"8402 Brock Bridge Rd, Laurel, MD, 20724, United States",39.1170498,-76.8206717
Daniel,Sacred Heart Church,"16501 Annapolis Rd., Bowie Maryland 20715",https://sacredheartbowie.org/,Catholic,7,NA,NA,NA,NA,NA,"16501 Annapolis Rd., Bowie Maryland 20715, USA",38.9833355,-76.7213573
Daniel,St. Ambrose Catholic Church,"6301 Jason Street, Cheverly, MD 20785",https://sacheverly.org/,Catholic,7,NA,spanish,NA,NA,NA,"6301 Jason Street, Cheverly, MD 20785, USA",38.928809,-76.908321
Daniel,St. Bernard of Clairvaux,"5700 Saint Bernard Drive Riverdale Park, MD 20737",https://stbernardriverdale.org/,Catholic,6,NA,spanish,NA,NA,NA,"5700 Saint Bernard Drive Riverdale Park, MD 20737, USA",38.957508,-76.915011
Daniel,St. Bernadine of Siena Parish,"2400 Brooks Drive, Suitland, Maryland 20746",https://stbernardineparish.com/,Catholic,6,NA,spanish,NA,NA,NA,"2400 Brooks Drive, Suitland, Maryland 20746, USA",38.8577827,-76.9201436
Daniel,St. Columba Catholic Church,"7800 Livingston Road, Oxon Hill, Maryland 20745",https://stcolumbacatholicchurch.net/,Catholic,7,NA,tagalog,NA,NA,NA,"7800 Livingston Road, Oxon Hill, Maryland 20745, USA",38.7834732,-76.9906667
Daniel,St. Michael Catholic Parish & Mission of St. Dominic,"17510 Horsehead Road, Brandywine, MD 20613",https://stmichaelbaden.org/,Catholic,7,NA,NA,NA,NA,NA,"17510 Horsehead Road, Brandywine, MD 20613, USA",38.6493016,-76.7699422
Daniel,St. Edward the Confessor Catholic Church,"1940 Mitchellville Road, Bowie, MD 20716",https://stedwardbowie.com/,Catholic,6,NA,NA,NA,NA,NA,"1940 Mitchellville Road, Bowie, MD 20716, USA",38.9147696,-76.7232018
Daniel,St. Gregory of Nyssa,"12420 Old Gunpowder Spur Rd Beltsville, MD 20705",https://stgregoryofnyssa.net/,Catholic,4,NA,NA,NA,NA,NA,"12420 Old Gunpowder Spur Rd Beltsville, MD 20705, USA",39.0691155,-76.9193944
Daniel,St. Hugh of Grenoble,"135 Crescent Road, Greenbelt, MD 20770",https://sthughofgrenoble.org/,Catholic,7,NA,NA,NA,youtube.com/channel/UCHG3QlbaPTeBHUxsnX-pIpQ?reload=9,NA,"135 Crescent Road, Greenbelt, MD 20770, USA",39.0047568,-76.8796865
Daniel,St. Ignatius church,"2315 Brinkley Road, Fort Washington MD, 20744-3008",https://saint-ig.org/,Catholic,7,NA,NA,NA,NA,NA,"2315 Brinkley Road, Fort Washington MD, 20744-3008, USA",NA,NA
Daniel,St. James Catholic CHruch,"3628 Rhode Island Ave.  Mount Rainier, MD 20712",https://stjamesmr.org/,Catholic,7,NA,spanish,NA,NA,NA,"3628 Rhode Island Ave. Mount Rainier, MD 20712, USA",38.9373977,-76.9585983
Daniel,St. John Baptist De La Salle,"5706 Sargent Road, Chillum, MD 20782",https://delasalleparish.org/contact-us,Catholic,7,NA,spanish,NA,NA,NA,"5706 Sargent Road, Chillum, MD 20782, USA",38.9603913,-76.9874244
Daniel,St. Joseph Catholic Church,"2020 St. Joseph's Dr., Largo, MD 20774",https://stjoseph-largo.org/,Catholic,7,NA,NA,NA,https://www.youtube.com/@st.josephcatholicchurch-la9385,NA,"2020 St. Joseph's Dr., Largo, MD 20774, USA",NA,NA
Daniel,St. Joseph Parish,"11007 Montgomery Rd, Beltsville, MD 20705",https://stjosephbeltsville.org/mass,Catholic,7,NA,spanish,NA,NA,NA,"11007 Montgomery Rd, Beltsville, MD 20705, USA",39.0361649,-76.9207928
Daniel,St. Margaret of Scotland,"410 Addison Road South, Capitol Heights, MD 20743",https://stmargaretos.org/,Catholic,7,NA,spanish,NA,https://www.youtube.com/@StMargaretofScotland410,NA,"410 Addison Road South, Capitol Heights, MD 20743, USA",38.8828979,-76.8962863
Daniel,St. Mark the Evangelist,"7501 Adelphi Rd, Hyattsville",https://stmarkhyattsville.org/,Catholic,7,NA,spanish,NA,https://www.youtube.com/@saintmarkscatholicchurch,NA,"7501 Adelphi Rd, Hyattsville, USA",38.9830982,-76.95405
Daniel,St. Mary of the Assumption,"14908 Main Street, Upper Marlboro, MD 20772",https://stmaryum.org/,Catholic,7,NA,NA,NA,https://soundcloud.com/usccb-readings,NA,"14908 Main Street, Upper Marlboro, MD 20772, USA",38.8184713,-76.7482653
Daniel,St. Mary of the Mills,"114 St Marys Pl, Laurel, MD 20707",https://stmaryslaurel.org/,Catholic,7,NA,spanish,NA,NA,NA,"114 St Marys Pl, Laurel, MD 20707, USA",39.1079912,-76.8559287
Daniel,St. Mary's Parish,"7301 Annapolis Road  Landover Hills, MD 20784",https://stmlh.org/,Catholic,7,NA,spanish,NA,NA,NA,"7301 Annapolis Road Landover Hills, MD 20784, USA",38.947407,-76.8882531
Daniel,Chruch of the Holy Spirit,"1717 Ritchie Road, Forestville, MD 20747",https://holyspiritmd.org/,Catholic,NA,1,***,NA,NA,NA,"1717 Ritchie Road, Forestville, MD 20747, USA",38.8666322,-76.864373
Daniel,St. Mary's Catholic Church of Piscataway,"13405 Piscataway Rd., Clinton, MD 20735-4564",https://saintmaryspiscataway.net/,Catholic,NA,2,NA,NA,NA,NA,"13405 Piscataway Rd., Clinton, MD 20735-4564, USA",38.7615408,-76.9146686
Daniel,St. Matthias Parish,"9475 Annapolis Road, Lanham, Maryland 20706",https://stmatthias.org/,Catholic,NA,2,spanish,NA,NA,NA,"9475 Annapolis Road, Lanham, Maryland 20706, USA",38.9638432,-76.8407002
Daniel,St. Nicholas Catholic Church,"8603 Contee Road, Laurel, MD 20708",https://stnicholaslaurel.org/,Catholic,NA,2,spanish,NA,NA,NA,"8603 Contee Road, Laurel, MD 20708, USA",39.073064,-76.857821
Daniel,St. Philip the Apostle,"5416 Henderson Way, Camp Springs, MD 20746",https://stphiliptheapostlechurch.org/,Catholic,NA,2,"spanish, tagolog",NA,NA,NA,"5416 Henderson Way, Camp Springs, MD 20746, USA",38.8221214,-76.9129104
Daniel,St. Pius X Church,"14720 Annapolis Road, Bowie, MD 20715",https://spxbowie.org/,Catholic,NA,1,NA,NA,https://spxbowie.online.church/,NA,"14720 Annapolis Road, Bowie, MD 20715, USA",38.9750308,-76.7496148
Daniel,St. Michael Eritrean Orthodox Tewahdo Church,"4006 53rd St Bladensburg, MD 20710",https://www.stmichaeldc.org/,Orthodox,NA,1,Amharic,NA,https://www.youtube.com/@debreselamstmichaeleritrea2777,NA,"4006 53rd St Bladensburg, MD 20710, USA",38.9393006,-76.9295564
Daniel,St. Mary's Syrian Orthodox Church of Malankara,"4711 Knox Road, College Park, MD 20740",https://www.stmaryschurchdc.org/,Orthodox,NA,1,NA,NA,NA,NA,"4711 Knox Road, College Park, MD 20740, USA",38.9790987,-76.9311137
Daniel,Hohte Misrak Kidane Mihret Ethiopian Orthodox Tewahedo Church,"6509 Riggs Rd, Hyattsville, MD 20782",https://hmkmeotc.org/,Orthodox,NA,1,Amharic,NA,https://www.youtube.com/@hohtemisrakkidanemihret8097,NA,"6509 Riggs Rd, Hyattsville, MD 20782, USA",38.9692126,-76.9835261
Daniel,Debre Genet MedhaneAlem Ethiopian Orthodox Tewahido Church,"4401 Old Branch Avenue, Temple Hills, MD 20748",https://dgmedhanealem.org/,Orthodox,NA,1,Amharic,NA,https://www.youtube.com/@DebreGenetMedhanealem,NA,"4401 Old Branch Avenue, Temple Hills, MD 20748, USA",38.830173,-76.9343202
Madison,Redeemer Lutheran Church,"3799 E West Hwy Hyattsville, MD 20782",https://www.redeemer-lutheran.us/home,Lutheran,Sunday,NA,English,NA,NA,NA,"3799 E West Hwy Hyattsville, MD 20782, USA",NA,NA
Madison,Our Savior Lutheran Church,"13611 Laurel-Bowie Road, Laurel, MD 20708",https://oslclaurel.org/events/sunday-services/,Lutheran,Sunday,NA,English,NA,https://oslclaurel.org/events/sunday-services/,NA,"13611 Laurel-Bowie Road, Laurel, MD 20708, USA",39.0775977,-76.8474509
Madison,Hope Lutheran Church and Student Center,"4201 Guilford Drive
College Park, MD 20740",https://www.hopecp.org/,Lutheran,Sunday,NA,English,NA,https://www.hopecp.org/about/our-pastor.html,NA,"4201 Guilford Drive College Park, MD 20740, USA",38.9802327,-76.9440048
Madison,Divine Peace Lutheran Church,"1500 Brown Station Rd
Largo, MD 20774",https://divinepeace.squarespace.com/,Lutheran,Sunday,NA,English,NA,https://www.youtube.com/channel/UChoiVR9B4tV-5jG7z2TsCLA/featured,NA,"1500 Brown Station Rd Largo, MD 20774, USA",38.8688079,-76.8107346
Madison,Ascension Lutheran Church,"7415 Buchanan St. 
Landover Hills, MD 20784",https://www.alutheranchurch.com/,Lutheran,Sunday,NA,English,NA,https://www.youtube.com/@ALutheranChurchLandoverHills,NA,"7415 Buchanan St. Landover Hills, MD 20784, USA",38.947966,-76.8854612
Madison,Holy Cross Lutheran Church,"6905 Greenbelt Rd,
Greenbelt, MD 20770",https://www.myholycross.com/,Lutheran,Sunday,NA,English,NA,https://www.youtube.com/@HolyCrossLCMS,NA,"6905 Greenbelt Rd, Greenbelt, MD 20770, USA",38.9950033,-76.8863468
Madison,Trinity Lutheran Church,"6600 Laurel - Bowie Rd, Bowie, MD 20715",https://tlcbowie.org/,Lutheran,Sunday,NA,English,NA,https://tlcbowie.org/live-streams,NA,"6600 Laurel - Bowie Rd, Bowie, MD 20715, USA",38.9803854,-76.7572709
Madison,Trinity Evangelical Lutheran Church,"4000 30th Street Mount Rainier, Maryland 20712",https://tlcmr.org/,Lutheran,Sunday,NA,English,NA,NA,NA,"4000 30th Street Mount Rainier, Maryland 20712, USA",38.938635,-76.9657012
Madison,Holy Trinity Lutheran Church,"7607 Old Sandy Spring Road
Laurel, MD 20707",https://htlclaurel.org/,Lutheran,Sunday,NA,English,NA,https://www.youtube.com/channel/UCWtBp0a3_kBDLrqWyGLfpHQ,NA,"7607 Old Sandy Spring Road Laurel, MD 20707, USA",39.1036849,-76.8745402
Madison,Grace Lutheran Church,"10928 Indian Head Highway
Ft. Washington, Maryland 20744",https://www.sharinggrace.org/,Lutheran,Sunday,NA,English,NA,NA,NA,"10928 Indian Head Highway Ft. Washington, Maryland 20744, USA",38.7392662,-76.990171900000007
Madison,"Hope Lutheran Church , Clinton","6201 Coventry Way
Clinton, MD 20735",https://hopeclinton.org/,Lutheran,Sunday,NA,English,NA,https://hopeclinton.org/live/,NA,"6201 Coventry Way Clinton, MD 20735, USA",38.7817372,-76.9007141
Zephan Matteson,First United Methodist Church of Hyattsville,"6201 Belcrest Road, Hyattsville, MD 20782",https://www.fumchy.org/,United Methodist,Sunday,No,English,No,https://www.youtube.com/@firstumchyattsville/streams,NA,"6201 Belcrest Road, Hyattsville, MD 20782, USA",38.9649767,-76.9516427
Zephan Matteson,Asbury United Methodist,"4004 Accokeek Road, Brandywine, Maryland, 20613",https://www.facebook.com/aumconlifesjourney/,United Methodist,Sunday,No,English,No,https://www.youtube.com/@aumcbw/videos,NA,"4004 Accokeek Road, Brandywine, Maryland, 20613, USA",38.6790301,-76.9385527
Zephan Matteson,Union United Methodist Church,"14418 Old Marlboro Pike, Upper Marlboro, MD 20772",https://uumchurch.com/,United Methodist,Sunday,No,English,No,https://www.youtube.com/@unionworship7025/streams,NA,"14418 Old Marlboro Pike, Upper Marlboro, MD 20772, USA",38.8175716,-76.7554418
Zephan Matteson,Bethel United Methodist Church,"16101 Swanson Rd, Upper Marlboro, MD 20774",https://www.bethelunitedmethodistchurch.org/,United Methodist,Sunday,Yes,English,No,https://www.youtube.com/channel/UCIn1pH7tAfSvTQK5T4zlGYw,NA,"16101 Swanson Rd, Upper Marlboro, MD 20774, USA",38.8504749,-76.7255516
Zephan Matteson,Cheltenham United Methodist Church,"11111 Crain Highway, Cheltenham, MD 20623",https://www.cheltenhamumc.com/about/,United Methodist,Sunday,Yes,English,No,Zoom,NA,"11111 Crain Highway, Cheltenham, MD 20623, USA",38.7372832,-76.8248921
Zephan Matteson,Christ United Methodist Church of Aquasco,"22919 Christ Church Road, Aquasco, MD 20608",https://servelikechrist.org/,United Methodist,Sunday,Yes,English,No,https://www.youtube.com/@christumcaquasco9488/streams,NA,"22919 Christ Church Road, Aquasco, MD 20608, USA",38.5706888,-76.727689
Zephan Matteson,Westphalia Christian Community Church,"9363 D’Arcy Road, Upper Marlboro, MD 20774",https://westphaliaum.org/,United Methodist,Sunday,Yes,English,No,https://www.youtube.com/@westphaliaunitedmethodistc7186/streams,NA,"9363 D’Arcy Road, Upper Marlboro, MD 20774, USA",38.8455785,-76.846085
Zephan Matteson,Immanuel-Brookfield United Methodist Church,"Brookfield - 12806 Croom Road, Upper Marlboro, MD 20772, Immanuel - 17400 Aquasco Road
Brandywine, MD 20613",https://brookfield-immanuel.org/,United Methodist,Sunday,Yes,English,No,https://www.youtube.com/@immanuelunitedmethodistchu8573/streams,NA,"Brookfield - 12806 Croom Road, Upper Marlboro, MD 20772, Immanuel - 17400 Aquasco Road Brandywine, MD 20613, USA",NA,NA
Zephan Matteson,St. Matthew's United Methodist Church,"14900 Annapolis Rd, Bowie Maryland 20715",https://stmatthews-bowie.org/about-us/church-staff/,United Methodist,Sunday,Yes,English,No,https://www.facebook.com/stmbowie/?ref=hl,NA,"14900 Annapolis Rd, Bowie Maryland 20715, USA",38.9770982,-76.7454343
Zephan Matteson,Ebenezer United Methodist Church,4912 Whitfield Chapel Road Lanham MD 20706,http://www.ebenezerunited.org/home.html,United Methodist,Sunday,Yes,English,No,N/A,NA,"4912 Whitfield Chapel Road Lanham MD 20706, USA",38.945173,-76.8545027
Zephan Matteson,Emmanuel United Methodist Church,"11416 Cedar Lane, Beltsville, MD 20705",https://www.eumcbeltsville.com/,United Methodist,Sunday,Yes,English,No,https://www.youtube.com/@emmanuelunitedmethodistchu5558/streams,NA,"11416 Cedar Lane, Beltsville, MD 20705, USA",39.0431313,-76.9181129
Zephan Matteson,Glen Dale United Methodist Church,"8500 Springfield Road, Glenn Dale, MD 20769",https://www.glenndaleumc.org/,United Methodist,Sunday,Yes,English,No,https://www.youtube.com/@GlennDaleUMC1/videos,NA,"8500 Springfield Road, Glenn Dale, MD 20769, USA",39.0074044,-76.8110914
Zephan Matteson,Lanham United Methodist Church,"5512 Whitfield Chapel Road, Lanham MD 20706",https://www.lumcmd.org/,United Methodist,Sunday,Yes,English,No,Zoom,NA,"5512 Whitfield Chapel Road, Lanham MD 20706, USA",38.9594428,-76.8581719
Zephan Matteson,Queen's Chapel United Methodist Church,"7410 Old Muirkirk Rd, Beltsville, MD 20705",https://qcumc.org/,United Methodist,Sunday,Yes,English,No,https://qcumc.org/worship-online/,NA,"7410 Old Muirkirk Rd, Beltsville, MD 20705, USA",39.0600502,-76.8772915
Zephan Matteson,Wilson-Memorial United Methodist Church,"1113 Northbound Lane, MD-3, Gambrills, MD, United States, 21054",https://www.facebook.com/people/Wilson-Memorial-UM-Church/100093703422002/,United Methodist,Sunday,Yes,English,No,https://www.facebook.com/people/Wilson-Memorial-UM-Church/100093703422002/,NA,"1113 Northbound Lane, MD-3, Gambrills, MD, United States, 21054",NA,NA
Zephan Matteson,Clinton United Methodist Church,"10700 Brandywine Road, Clinton, MD  20735",https://cumcmd.org/,United Methodist,Sunday,Yes,English,No,https://www.facebook.com/CUMCMD/,NA,"10700 Brandywine Road, Clinton, MD 20735, USA",38.7432615,-76.8956932
Zephan Matteson,College Park United Methodist Church,"9601 Rhode Island Avenue, College Park, MD 20740",https://umccollegepark.org/,United Methodist,Sunday,Yes,English,No,https://www.youtube.com/@mowattumc5824/streams,NA,"9601 Rhode Island Avenue, College Park, MD 20740, USA",39.0108637,-76.9214959
Zephan Matteson,University United Methodist Church,"3621 Campus Drive, College Park, MD 20740",https://www.uumcp.org/,United Methodist,Sunday,Yes,English,No,https://www.youtube.com/@universityunitedmethodistc6386/streams,NA,"3621 Campus Drive, College Park, MD 20740, USA",38.9850112,-76.9525041
Zephan Matteson,Community United Methodist Church,"300 Brock Bridge Rd, Laurel, MD 20724",https://www.communityumcmd.com/,United Methodist,Sunday,No,English,No,https://www.youtube.com/channel/UCc5i8ClncbuXevUpHkoWazQ,NA,"300 Brock Bridge Rd, Laurel, MD 20724, USA",39.0707577,-76.8397113
Zephan Matteson,Emmanuel United Methodist Church,"10755 Scaggsville Road, Laurel, MD 20723, USA",https://www.eumclaurel.org/,United Methodist,Sunday,Yes,English,No,https://www.youtube.com/@EmmanuelUMC/streams,NA,"10755 Scaggsville Road, Laurel, MD 20723, USA",39.1395607,-76.8854319
Zephan Matteson,Mt. Zion United Methodist Church,"3592 Whiskey Bottom Road, Laurel, Maryland 20724",https://mtzionumclmd.org/,United Methodist,Sunday,Yes,English,No,https://www.youtube.com/@mountzion9059/streams,NA,"3592 Whiskey Bottom Road, Laurel, Maryland 20724, USA",39.100617,-76.8161888
Zephan Matteson,Gethsemane United Methodist Church,"910 Addison Road South, Capitol Heights, MD 20743",https://gethsemaneumc.org/,United Methodist,Sunday,No,English,No,https://gethsemaneumc.org/live/,NA,"910 Addison Road South, Capitol Heights, MD 20743, USA",38.8772225,-76.8945016
Zephan Matteson,Grace United Methodist Church,"11700 Old Fort Rd, Fort Washington, MD 20744",https://wearegraceumc.org/,United Methodist,Sunday,Yes,English,No,https://wearegraceumc.org/live/,NA,"11700 Old Fort Rd, Fort Washington, MD 20744, USA",38.7291518,-76.9772038
Zephan Matteson,Providence-Fort Washington United Methodist Church,"10610 Old Fort Road, Fort Washington, MD",https://pfwumc.org/,United Methodist,Sunday,Yes,English,No,N/A,NA,"10610 Old Fort Road, Fort Washington, MD, USA",38.7429181,-76.9720221
Zephan Matteson,Journey United Methodist Church,"1901 Iverson Street, Temple Hills, Maryland 20748",https://journeyeverywhere.org/,United Methodist,Sunday,Yes,English,No,https://boxcast.tv/channel/oo5c1eubwgzldz2dr5w8,NA,"1901 Iverson Street, Temple Hills, Maryland 20748, USA",38.8289398,-76.9671963
Zephan Matteson,St. Paul United Methodist Church,"6634 Saint Barnabas Rd, Oxon Hill, MD 20745",https://www.stpauloxonhill.org/,United Methodist,Sunday,No,English,No,https://www.youtube.com/@StPaulChurchOxonHill/streams,NA,"6634 Saint Barnabas Rd, Oxon Hill, MD 20745, USA",38.7980724,-76.9823048
Zephan Matteson,Adams Inspirational African Methodist Episcopal Church,"12801 Old Fort Rd Ste 205, Fort Washington, MD,",https://www.facebook.com/AdamsInspirationalAME/,AME,Sunday,Unkown,English,No,N/A,NA,"12801 Old Fort Rd Ste 205, Fort Washington, MD, USA",NA,NA
Zephan Matteson,Bethany African Methodist Episcopal Church,"1014 Iago Avenue Capitol Heights, MD 20743",https://bethanyamec.org/,AME,Sunday,No,English,No,https://www.facebook.com/p/Bethany-AME-Church-100070210807517/,NA,"1014 Iago Avenue Capitol Heights, MD 20743, USA",38.8759,-76.9231272
Zephan Matteson,Ebenzer African Methodist Episcopal Church,"7707 Allentown Road, Fort Washington, Maryland 20744",https://ebenezerame.org/,AME,Sunday,Yes,English,No,https://www.youtube.com/@EbenezerAMEChurch/streams,NA,"7707 Allentown Road, Fort Washington, Maryland 20744, USA",38.7846707,-76.9433626
Zephan Matteson,Embry African Methodist Episcopal Church,"5101 Lakeland Road, College Park, MD 20740",https://www.embryame.org/,AME,Sunday,Yes,English,No,https://www.youtube.com/@embrya.m.e.churchcollegepa223/streams,NA,"5101 Lakeland Road, College Park, MD 20740, USA",38.9884747,-76.9260336
Zephan Matteson,Faith African Methodist Episcopal Church,"13714 Briarwood Drive, Laurel, MD 20708",https://faithame.org/,AME,Sunday,Yes,English,No,https://www.youtube.com/@faithamechurchlaurelmd3760/streams,NA,"13714 Briarwood Drive, Laurel, MD 20708, USA",39.080557,-76.8561966
Zephan Matteson,Greater Mount Nebo African Methodist Episcopal Church,"1001 Old Mitchellville Rd, Bowie MD 20716",https://www.gmneboamechurch.org/,AME,Sunday,Yes,English,No,https://www.youtube.com/@gmneboame/streams,NA,"1001 Old Mitchellville Rd, Bowie MD 20716, USA",38.9016541,-76.7139674
