Church,Hub,District,Superintendent,Lay Leader
"Adams, Lothian, MD",Anne Arundel County South,Two Rivers,Johnsie Cogman,Rosalind Pinkney
"Ager Road, Hyattsville, MD",Upper Prince George's County,Tidal Basin,Ianther Mills,Ken Ow
"Alberta Gary Memorial, Columbia, MD",Columbia/Highland Area,Tidal Basin,Ianther Mills,Ken Ow
"Albright Memorial, Washington, DC",DC Wards 4 & 5,Tidal Basin,Ianther Mills,Ken Ow
"Alexandria Chapel, Indian Head, MD",Charles County,Two Rivers,Johnsie Cogman,Rosalind Pinkney
"Allegany, Frostburg, MD",Allegany Northwest,Canal,John Wunderlich,Richard Willson
"Ames, Baltimore, MD",Baltimore City West,Harbor,Sarah Schlieckert,Darrell Taylor
"Ames, Bel Air, MD",Bel Air Area,Reservoir,Eliezer Valentín-Castañón,Chuck Conjar
"Araby, Frederick, MD",Mount Airy Area,Lakes,Jim Miller,Angela Fossett
"Arbutus, Baltimore, MD",Catonsville Area,Harbor,Sarah Schlieckert,Darrell Taylor
"Arden, Martinsburg, WV*",Martinsburg Area,Canal,John Wunderlich,Richard Willson
"Arlington-Lewin, Baltimore, MD",Baltimore Northwest Area,Harbor,Sarah Schlieckert,Darrell Taylor
"Arnolia, Baltimore, MD",Baltimore Beltway North,Reservoir,Eliezer Valentín-Castañón,Chuck Conjar
"Asbury Town Neck, Severna Park, MD*",Route 2,Harbor,Sarah Schlieckert,Darrell Taylor
"Asbury, Annapolis, MD",Downtown Annapolis,Two Rivers,Johnsie Cogman,Rosalind Pinkney
"Asbury, Arnold, MD",Route 2,Harbor,Sarah Schlieckert,Darrell Taylor
"Asbury, Brandywine, MD",210 Corridor,Two Rivers,Johnsie Cogman,Rosalind Pinkney
"Asbury, Charles Town, WV",Pending,Canal,John Wunderlich,Richard Willson
"Asbury, Frederick, MD",Downtown Frederick,Lakes,Jim Miller,Angela Fossett
"Asbury, Germantown, MD",Greater Gaithersburg,Tidal Basin,Ianther Mills,Ken Ow
"Asbury, Hagerstown, MD",Hagerstown,Canal,John Wunderlich,Richard Willson
"Asbury, Jessup, MD",Greater Laurel,Harbor,Sarah Schlieckert,Darrell Taylor
"Asbury, Shepherdstown, WV",Shepherdstown Area,Canal,John Wunderlich,Richard Willson
"Asbury, Washington, DC","DC Wards 2,3, & 6",Tidal Basin,Ianther Mills,Ken Ow
"Asbury, White Marsh, MD",Bel Air Area,Reservoir,Eliezer Valentín-Castañón,Chuck Conjar
"Asbury-Broadneck, Annapolis, MD",Route 2,Harbor,Sarah Schlieckert,Darrell Taylor
"Ashton, Ashton, MD",Columbia/Highland Area,Tidal Basin,Ianther Mills,Ken Ow
"Ayres Chapel, White Hall, MD",Mission Central,Reservoir,Eliezer Valentín-Castañón,Chuck Conjar
Church,Hub,District,Superintendent,Lay Leader
"Back River, Essex, MD",Baltimore County East,Reservoir,Eliezer Valentín-Castañón,Chuck Conjar
"Baldwin Memorial, Millersville, MD",Pasadena Area,Harbor,Sarah Schlieckert,Darrell Taylor
"Barton, Barton, MD",Allegany West,Canal,John Wunderlich,Richard Willson
"Bedington, Martinsburg, WV",Pending,Canal,John Wunderlich,Richard Willson
"Beechfield, Baltimore, MD",Catonsville Area,Harbor,Sarah Schlieckert,Darrell Taylor
"Bel Air, Bel Air, MD",Bel Air Area,Reservoir,Eliezer Valentín-Castañón,Chuck Conjar
"Benevola, Boonsboro, MD",Washington County South,Canal,John Wunderlich,Richard Willson
"Bentley Springs, Parkton, MD",Pending,Reservoir,Eliezer Valentín-Castañón,Chuck Conjar
"Berkeley Place, Martinsburg, WV",Downtown Martinsburg,Canal,John Wunderlich,Richard Willson
"Bethany Korean, Ellicott City, MD*",Korean Ministries,Harbor,Sarah Schlieckert,Darrell Taylor
"Bethany, Ellicott City, MD*",Ellicott City,Lakes,Jim Miller,Angela Fossett
"Bethel, Harpers Ferry, WV",Harpers Ferry Area,Lakes,Jim Miller,Angela Fossett
"Bethel, Rohrersville, MD",Washington County South,Canal,John Wunderlich,Richard Willson
"Bethel, Smithsburg, MD*",Smithsburg Area,Canal,John Wunderlich,Richard Willson
"Bethel, Upper Marlboro, MD",Upper Marlboro Area,Two Rivers,Johnsie Cogman,Rosalind Pinkney
"Bethesda, Baltimore, MD",Baltimore City East,Harbor,Sarah Schlieckert,Darrell Taylor
"",Montgomery County,,,
"Bethesda, Bethesda, MD*",,Tidal Basin,Ianther Mills,Ken Ow
"",Southwest,,,
"Bethesda, Damascus, MD",Pending,Lakes,Jim Miller,Angela Fossett
"Bethesda, Shepherdstown, WV",Shepherdstown Area,Canal,John Wunderlich,Richard Willson
"Bethesda, Sykesville, MD",Sykesville/Eldersburg,Lakes,Jim Miller,Angela Fossett
"Bethesda, Valley Lee, MD",St. Mary's County,Two Rivers,Johnsie Cogman,Rosalind Pinkney
"Bixlers, Westminster, MD",Pending,Reservoir,Eliezer Valentín-Castañón,Chuck Conjar
"Blairton, Martinsburg, WV",Downtown Martinsburg,Canal,John Wunderlich,Richard Willson
"Bolivar, Harpers Ferry, WV",Harpers Ferry Area,Lakes,Jim Miller,Angela Fossett
"Bosley, Sparks, MD",Baltimore North County,Reservoir,Eliezer Valentín-Castañón,Chuck Conjar
"Bowie, Bowie, MD",Bowie/Lanham Area,Two Rivers,Johnsie Cogman,Rosalind Pinkney
"Bradbury Heights, Washington, DC",DC East of the River,Tidal Basin,Ianther Mills,Ken Ow
"Brighter Day, Washington, DC",DC East of the River,Tidal Basin,Ianther Mills,Ken Ow
Church,Hub,District,Superintendent,Lay Leader
"Brightwood Park, Washington, DC",DC Wards 4 & 5,Tidal Basin,Ianther Mills,Ken Ow
"Brook Hill, Frederick, MD*",Downtown Frederick,Lakes,Jim Miller,Angela Fossett
"Brookfield, Upper Marlboro, MD",Upper Marlboro Area,Two Rivers,Johnsie Cogman,Rosalind Pinkney
"Brooklyn Community, Baltimore, MD",Glen Burnie-Bayview Area,Harbor,Sarah Schlieckert,Darrell Taylor
"Brooks, Saint Leonard, MD",Calvert County South,Two Rivers,Johnsie Cogman,Rosalind Pinkney
"Buckeystown Rt 80, Buckeystown, MD",Frederick Area,Lakes,Jim Miller,Angela Fossett
"Buckeystown Rt 85, Buckeystown, MD",Frederick Area,Lakes,Jim Miller,Angela Fossett
"Bunker Hill, Bunker Hill, WV",Martinsburg Area,Canal,John Wunderlich,Richard Willson
"Cabin John, Cabin John, MD",Pending,Tidal Basin,Ianther Mills,Ken Ow
"Calvary, Annapolis, MD*",Downtown Annapolis,Two Rivers,Johnsie Cogman,Rosalind Pinkney
"Calvary, Finksburg, MD",Westminster Area,Lakes,Jim Miller,Angela Fossett
"Calvary, Frederick, MD",Downtown Frederick,Lakes,Jim Miller,Angela Fossett
"Calvary, Great Cacapon, WV",Berkeley Springs,Canal,John Wunderlich,Richard Willson
"Calvary, Martinsburg, WV",Pending,Canal,John Wunderlich,Richard Willson
"Calvary, Mount Airy, MD*",Mount Airy Area,Lakes,Jim Miller,Angela Fossett
"Calvary, Ridgeley, WV",Allegany West,Canal,John Wunderlich,Richard Willson
"Calvary, Waldorf, MD",Charles County,Two Rivers,Johnsie Cogman,Rosalind Pinkney
"Camp Chapel, White Marsh, MD",Baltimore Beltway North,Reservoir,Eliezer Valentín-Castañón,Chuck Conjar
"Camp Hill-Wesley, Harpers Ferry, WV",Harpers Ferry Area,Lakes,Jim Miller,Angela Fossett
"Cape Saint Claire, Annapolis, MD",Pending,Harbor,Sarah Schlieckert,Darrell Taylor
"Capitol Hill, Washington, DC","DC Wards 2,3, & 6",Tidal Basin,Ianther Mills,Ken Ow
"Carroll-Western, Prince Frederick, MD",Calvert County South,Two Rivers,Johnsie Cogman,Rosalind Pinkney
"Carters, Friendship, MD",Anne Arundel County South,Two Rivers,Johnsie Cogman,Rosalind Pinkney
"Catalpa, Hancock, MD",Hancock/Williamsport Area,Canal,John Wunderlich,Richard Willson
"Catonsville, Catonsville, MD*",Catonsville Area,Harbor,Sarah Schlieckert,Darrell Taylor
"Cecil Memorial, Annapolis, MD",Downtown Annapolis,Two Rivers,Johnsie Cogman,Rosalind Pinkney
"Cedar Grove, Parkton, MD",Pending,Reservoir,Eliezer Valentín-Castañón,Chuck Conjar
"Centenary, Bermuda",,Tidal Basin,Ianther Mills,Ken Ow
Church Hub,District,Superintendent,Lay Leader
"Centenary, Cumberland, MD Allegany East",Canal,John Wunderlich,Richard Willson
"Centenary, Shady Side, MD Anne Arundel County South",Two Rivers,Johnsie Cogman,Rosalind Pinkney
"Centennial Memorial, Frederick, MD Downtown Frederick",Lakes,Jim Miller,Angela Fossett
"Central, Cumberland, MD Allegany Northwest",Canal,John Wunderlich,Richard Willson
"Centre, Forest Hill, MD Harford County North",Reservoir,Eliezer Valentín-Castañón,Chuck Conjar
"Chase, Baltimore, MD* Baltimore County East",Reservoir,Eliezer Valentín-Castañón,Chuck Conjar
"Cheltenham, Cheltenham, MD Upper Marlboro Area",Two Rivers,Johnsie Cogman,Rosalind Pinkney
"Cherry Hill, Baltimore, MD Glen Burnie-Bayview Area",Harbor,Sarah Schlieckert,Darrell Taylor
"Chesaco, Baltimore, MD Baltimore County East",Reservoir,Eliezer Valentín-Castañón,Chuck Conjar
"Cheverly, Cheverly, MD Upper Prince George's County",Tidal Basin,Ianther Mills,Ken Ow
Montgomery County,,,
"Chevy Chase, Chevy Chase, MD",Tidal Basin,Ianther Mills,Ken Ow
Southwest,,,
"Chews Memorial, Harwood, MD Anne Arundel County South",Two Rivers,Johnsie Cogman,Rosalind Pinkney
"Chicamuxen, Indian Head, MD Charles County",Two Rivers,Johnsie Cogman,Rosalind Pinkney
"Christ Church of Baltimore Co,",,,
"Darrell Taylor Baltimore, MD Catonsville Area",Harbor,Sarah Schlieckert,
"Christ Church of the Deaf, Baltimore,",,,
Catonsville Area,Harbor,Sarah Schlieckert,Darrell Taylor
MD,,,
"Christ, Aquasco, MD Upper Marlboro Area",Two Rivers,Johnsie Cogman,Rosalind Pinkney
"Christ, Baltimore, MD Baltimore City East",Harbor,Sarah Schlieckert,Darrell Taylor
"Christ, Columbia, MD Columbia/Highland Area",Tidal Basin,Ianther Mills,Ken Ow
"Christ, Cumberland, MD Allegany East",Canal,John Wunderlich,Richard Willson
"Christ, Washington, DC* DC Wards 2,3, & 6",Tidal Basin,Ianther Mills,Ken Ow
"Clarks Chapel, Bel Air, MD Pending",Reservoir,Eliezer Valentín-Castañón,Chuck Conjar
"Clarksburg, Clarksburg, MD Mount Airy Area",Lakes,Jim Miller,Angela Fossett
"Clinton, Clinton, MD 210 Corridor",Two Rivers,Johnsie Cogman,Rosalind Pinkney
"Clynmalira, Phoenix, MD Timonium Area",Reservoir,Eliezer Valentín-Castañón,Chuck Conjar
"Cokesbury, Abingdon, MD Mission Central",Reservoir,Eliezer Valentín-Castañón,Chuck Conjar
"Colesville, Silver Spring, MD Silver Spring Area",Tidal Basin,Ianther Mills,Ken Ow
"College Park Hispanic, College Park,",,,
Upper Prince George's County,Tidal Basin,Ianther Mills,Ken Ow
MD,,,
"College Park, College Park, MD Upper Prince George's County",Tidal Basin,Ianther Mills,Ken Ow
Church,Hub,District,Superintendent,Lay Leader
"Community of Faith, Clarksburg, MD",Damascus Area,Lakes,Jim Miller,Angela Fossett
"Community, Crofton, MD",Greater Laurel,Harbor,Sarah Schlieckert,Darrell Taylor
"Community, Laurel, MD",Greater Laurel,Harbor,Sarah Schlieckert,Darrell Taylor
"Community, Pasadena, MD",Pasadena Area,Harbor,Sarah Schlieckert,Darrell Taylor
"Community, Washington, DC",DC Wards 4 & 5,Tidal Basin,Ianther Mills,Ken Ow
"Concord-Saint Andrews, Bethesda,",Montgomery County,,,
"",,Tidal Basin,Ianther Mills,Ken Ow
MD,Southwest,,,
"Coopers, Dunkirk, MD",Calvert County North,Two Rivers,Johnsie Cogman,Rosalind Pinkney
"Covenant, Montgomery Village, MD",Greater Gaithersburg,Tidal Basin,Ianther Mills,Ken Ow
"Cowenton, White Marsh, MD",Baltimore County East,Reservoir,Eliezer Valentín-Castañón,Chuck Conjar
"Cranberry, Perryman, MD",Mission Central,Reservoir,Eliezer Valentín-Castañón,Chuck Conjar
"Cresaptown, Cresaptown, MD*",Allegany West,Canal,John Wunderlich,Richard Willson
"Daisy, Lisbon, MD",Lisbon/Woodbine,Lakes,Jim Miller,Angela Fossett
"Damascus, Damascus, MD*",Damascus Area,Lakes,Jim Miller,Angela Fossett
"Darkesville, Inwood, WV",Pending,Canal,John Wunderlich,Richard Willson
"Darlington, Darlington, MD",Harford County North,Reservoir,Eliezer Valentín-Castañón,Chuck Conjar
"Davidsonville, Davidsonville, MD",South River,Two Rivers,Johnsie Cogman,Rosalind Pinkney
"Dawson, Rawlings, MD",Allegany West,Canal,John Wunderlich,Richard Willson
"Deer Creek, Forest Hill, MD",Harford County North,Reservoir,Eliezer Valentín-Castañón,Chuck Conjar
"Deer Park, Westminster, MD*",Westminster Area,Lakes,Jim Miller,Angela Fossett
"Deerfield, Sabillasville, MD",Smithsburg Area,Canal,John Wunderlich,Richard Willson
"Dickerson, Dickerson, MD",Frederick Area,Lakes,Jim Miller,Angela Fossett
"Dorsey Emmanuel, Elkridge, MD",BWI Corridor,Harbor,Sarah Schlieckert,Darrell Taylor
"Douglas Memorial, Washington, DC",DC Wards 4 & 5,Tidal Basin,Ianther Mills,Ken Ow
"Dublin, Street, MD",Harford County North,Reservoir,Eliezer Valentín-Castañón,Chuck Conjar
"Dumbarton, Washington, DC","DC Wards 2,3, & 6",Tidal Basin,Ianther Mills,Ken Ow
"Eastern, Baltimore, MD",Baltimore City East,Harbor,Sarah Schlieckert,Darrell Taylor
"Eastern, Lusby, MD",Calvert County South,Two Rivers,Johnsie Cogman,Rosalind Pinkney
"Eastport, Annapolis, MD",Downtown Annapolis,Two Rivers,Johnsie Cogman,Rosalind Pinkney
Church,Hub,District,Superintendent,Lay Leader
"Ebenezer, Fallston, MD",Mission Central,Reservoir,Eliezer Valentín-Castañón,Chuck Conjar
"Ebenezer, Lanham, MD",Bowie/Lanham Area,Two Rivers,Johnsie Cogman,Rosalind Pinkney
"Ebenezer, Sykesville, MD",Sykesville/Eldersburg,Lakes,Jim Miller,Angela Fossett
"Ebenezer, Washington, DC","DC Wards 2,3, & 6",Tidal Basin,Ianther Mills,Ken Ow
"Eckhart, Frostburg, MD",Allegany Northwest,Canal,John Wunderlich,Richard Willson
"Eden Korean, Baltimore, MD",Korean Ministries,Harbor,Sarah Schlieckert,Darrell Taylor
"Edgewood, Baltimore, MD",Towson/Lutherville,Reservoir,Eliezer Valentín-Castañón,Chuck Conjar
"Elderslie-Saint Andrews, Baltimore,",,,,
"",Baltimore Northwest Area,Harbor,Sarah Schlieckert,Darrell Taylor
MD,,,,
"Ellerslie, Ellerslie, MD",Allegany Northwest,Canal,John Wunderlich,Richard Willson
"Emanuel, Catonsville, MD",Catonsville Area,Harbor,Sarah Schlieckert,Darrell Taylor
"Emmanuel, Beltsville, MD",Bowie/Lanham Area,Two Rivers,Johnsie Cogman,Rosalind Pinkney
"Emmanuel, Cumberland, MD*",Allegany East,Canal,John Wunderlich,Richard Willson
"Emmanuel, Hagerstown, MD",Hagerstown,Canal,John Wunderlich,Richard Willson
"Emmanuel, Huntingtown, MD",Calvert County North,Two Rivers,Johnsie Cogman,Rosalind Pinkney
"Emmanuel, Laurel, MD*",Greater Laurel,Harbor,Sarah Schlieckert,Darrell Taylor
"Emmarts, Baltimore, MD",Baltimore Northwest Area,Harbor,Sarah Schlieckert,Darrell Taylor
"Emory Grove, Gaithersburg, MD",Greater Gaithersburg,Tidal Basin,Ianther Mills,Ken Ow
"Emory, Ellicott City, MD",Ellicott City,Lakes,Jim Miller,Angela Fossett
"Emory, Street, MD*",Harford County North,Reservoir,Eliezer Valentín-Castañón,Chuck Conjar
"Emory, Upperco, MD",North Carroll,Reservoir,Eliezer Valentín-Castañón,Chuck Conjar
"Emory, Washington, DC*",DC Wards 4 & 5,Tidal Basin,Ianther Mills,Ken Ow
"Engle, Harpers Ferry, WV",Harpers Ferry Area,Lakes,Jim Miller,Angela Fossett
"Epworth Chapel, Baltimore, MD*",Baltimore Northwest Area,Harbor,Sarah Schlieckert,Darrell Taylor
"Epworth, Cockeysville, MD",Timonium Area,Reservoir,Eliezer Valentín-Castañón,Chuck Conjar
"Epworth, Gaithersburg, MD",Greater Gaithersburg,Tidal Basin,Ianther Mills,Ken Ow
"Essex, Essex, MD",Baltimore County East,Reservoir,Eliezer Valentín-Castañón,Chuck Conjar
"Fairhaven, Gaithersburg, MD*",Greater Gaithersburg,Tidal Basin,Ianther Mills,Ken Ow
"Fairview Avenue, Cumberland, MD",Allegany Northwest,Canal,John Wunderlich,Richard Willson
Church,Hub,District,Superintendent,Lay Leader
"Ganotown, Martinsburg, WV",Pending,Canal,John Wunderlich,Richard Willson
"Garfield, Smithsburg, MD",Smithsburg Area,Canal,John Wunderlich,Richard Willson
"Gary Memorial, Ellicott City, MD",Ellicott City,Lakes,Jim Miller,Angela Fossett
"Gerrardstown, Gerrardstown, WV",Martinsburg Area,Canal,John Wunderlich,Richard Willson
"Gethsemane, Capitol Heights, MD",210 Corridor,Two Rivers,Johnsie Cogman,Rosalind Pinkney
"Glen Burnie, Glen Burnie, MD",Glen Burnie-Bayview Area,Harbor,Sarah Schlieckert,Darrell Taylor
"Glen Mar, Ellicott City, MD",Ellicott City,Lakes,Jim Miller,Angela Fossett
"Glenelg, Glenelg, MD",Columbia/Highland Area,Tidal Basin,Ianther Mills,Ken Ow
"Glenmont, Silver Spring, MD",Silver Spring Area,Tidal Basin,Ianther Mills,Ken Ow
"Glenn Dale, Glenn Dale, MD",Bowie/Lanham Area,Two Rivers,Johnsie Cogman,Rosalind Pinkney
"Glyndon, Glyndon, MD",Reisterstown,Reservoir,Eliezer Valentín-Castañón,Chuck Conjar
"Good Hope Union, Silver Spring, MD",Silver Spring Area,Tidal Basin,Ianther Mills,Ken Ow
"Good Shepherd, Baltimore, MD",Baltimore City Central,Harbor,Sarah Schlieckert,Darrell Taylor
"Good Shepherd, Silver Spring, MD",Upper Prince George's County,Tidal Basin,Ianther Mills,Ken Ow
"Good Shepherd, Waldorf, MD",Charles County,Two Rivers,Johnsie Cogman,Rosalind Pinkney
"Goshen, Gaithersburg, MD",Greater Gaithersburg,Tidal Basin,Ianther Mills,Ken Ow
"Gough, Cockeysville, MD",Baltimore North County,Reservoir,Eliezer Valentín-Castañón,Chuck Conjar
"Govans-Boundary, Baltimore, MD",Baltimore City East,Harbor,Sarah Schlieckert,Darrell Taylor
"Grace, Aberdeen, MD",Bel Air Area,Reservoir,Eliezer Valentín-Castañón,Chuck Conjar
"Grace, Baltimore, MD*",Baltimore City Central,Harbor,Sarah Schlieckert,Darrell Taylor
"Grace, Fort Washington, MD*",210 Corridor,Two Rivers,Johnsie Cogman,Rosalind Pinkney
"Grace, Gaithersburg, MD",Greater Gaithersburg,Tidal Basin,Ianther Mills,Ken Ow
"Grace, Hagerstown, MD",Hagerstown,Canal,John Wunderlich,Richard Willson
"Grace, Midland, MD",Allegany West,Canal,John Wunderlich,Richard Willson
"Grace, Takoma Park, MD",Upper Prince George's County,Tidal Basin,Ianther Mills,Ken Ow
"Grace, Upperco, MD",Pending,Reservoir,Eliezer Valentín-Castañón,Chuck Conjar
"Graceland, Baltimore, MD",Baltimore County East,Reservoir,Eliezer Valentín-Castañón,Chuck Conjar
"Greenmount, Hampstead, MD",North Carroll,Reservoir,Eliezer Valentín-Castañón,Chuck Conjar
Church Hub,District,Superintendent,Lay Leader
"Greensburg, Martinsburg, WV Pending",Canal,John Wunderlich,Richard Willson
"Gwynn Oak, Baltimore, MD Baltimore Northwest Area",Harbor,Sarah Schlieckert,Darrell Taylor
"Halethorpe-Relay, Halethorpe, MD Catonsville Area",Harbor,Sarah Schlieckert,Darrell Taylor
"Hall, Glen Burnie, MD Glen Burnie-Bayview Area",Harbor,Sarah Schlieckert,Darrell Taylor
"Hampden, Baltimore, MD Baltimore City Central",Harbor,Sarah Schlieckert,Darrell Taylor
"Hancock, Hancock, MD Hancock/Williamsport Area",Canal,John Wunderlich,Richard Willson
"Harmony, Falling Waters, WV Hancock/Williamsport Area",Canal,John Wunderlich,Richard Willson
"Harwood Park, Elkridge, MD BWI Corridor",Harbor,Sarah Schlieckert,Darrell Taylor
"Havre De Grace, Havre de Grace, MD* Bel Air Area",Reservoir,Eliezer Valentín-Castañón,Chuck Conjar
"Hedgesville, Hedgesville, WV Berkeley Springs",Canal,John Wunderlich,Richard Willson
"Hereford, Monkton, MD Baltimore North County",Reservoir,Eliezer Valentín-Castañón,Chuck Conjar
"Hiss, Baltimore, MD Baltimore Beltway North",Reservoir,Eliezer Valentín-Castañón,Chuck Conjar
"Hollywood, Hollywood, MD St. Mary's County",Two Rivers,Johnsie Cogman,Rosalind Pinkney
"Holy Cross, Ridgeley, WV Allegany West",Canal,John Wunderlich,Richard Willson
"Hope Memorial Saint Mark,",,,
South River,Two Rivers,Johnsie Cogman,Rosalind Pinkney
"Edgewater, MD",,,
"Hopehill, Frederick, MD Frederick Area",Lakes,Jim Miller,Angela Fossett
"Hopewell, Havre de Grace, MD Harford County North",Reservoir,Eliezer Valentín-Castañón,Chuck Conjar
"Hopkins, Highland, MD Columbia/Highland Area",Tidal Basin,Ianther Mills,Ken Ow
"Howard Chapel-Ridgeville, Mount",,,
"Angela Fossett Airy, MD Lisbon/Woodbine",Lakes,Jim Miller,
"Hughes Memorial, Washington, DC DC East of the River",Tidal Basin,Ianther Mills,Ken Ow
"Hughes, Wheaton, MD Silver Spring Area",Tidal Basin,Ianther Mills,Ken Ow
"Huntingtown, Huntington, MD Calvert County North",Two Rivers,Johnsie Cogman,Rosalind Pinkney
"Hunt's Memorial, Towson, MD* Towson/Lutherville",Reservoir,Eliezer Valentín-Castañón,Chuck Conjar
"Idlewylde, Baltimore, MD Towson/Lutherville",Reservoir,Eliezer Valentín-Castañón,Chuck Conjar
"Ijamsville, Ijamsville, MD Mount Airy Area",Lakes,Jim Miller,Angela Fossett
"Immanuel, Brandywine, MD Upper Marlboro Area",Two Rivers,Johnsie Cogman,Rosalind Pinkney
"In His Service Com. Ministry, Bryans",,,
Charles County,Two Rivers,Johnsie Cogman,Rosalind Pinkney
"Road, MD",,,
"Inwood, Inwood, WV Pending",Canal,John Wunderlich,Richard Willson
Church,Hub,District,Superintendent,Lay Leader
"Jackson Chapel, Frederick, MD",Downtown Frederick,Lakes,Jim Miller,Angela Fossett
"Jarrettsville, Jarrettsville, MD",Mission Central,Reservoir,Eliezer Valentín-Castañón,Chuck Conjar
"Jefferson, Jefferson, MD",Harpers Ferry Area,Lakes,Jim Miller,Angela Fossett
"Jennings Chapel, Woodbine, MD",Lisbon/Woodbine,Lakes,Jim Miller,Angela Fossett
"Jerusalem-Mt Pleasant, Rockville, MD",Greater Rockville,Tidal Basin,Ianther Mills,Ken Ow
"John Wesley, Abingdon, MD",Bel Air Area,Reservoir,Eliezer Valentín-Castañón,Chuck Conjar
"John Wesley, Annapolis, MD",Downtown Annapolis,Two Rivers,Johnsie Cogman,Rosalind Pinkney
"John Wesley, Baltimore, MD",Baltimore City West,Harbor,Sarah Schlieckert,Darrell Taylor
"John Wesley, Glen Burnie, MD*",Glen Burnie-Bayview Area,Harbor,Sarah Schlieckert,Darrell Taylor
"John Wesley, Hagerstown, MD",Hagerstown,Canal,John Wunderlich,Richard Willson
"John Wesley-Waterbury, Crownsville,",,,,
"",Pasadena Area,Harbor,Sarah Schlieckert,Darrell Taylor
MD,,,,
"Johnsville, Sykesville, MD",Sykesville/Eldersburg,Lakes,Jim Miller,Angela Fossett
"Johnsville, Union Bridge, MD",New Windsor Area,Lakes,Jim Miller,Angela Fossett
"Jones Memorial, Washington, DC",DC East of the River,Tidal Basin,Ianther Mills,Ken Ow
"Journey, Temple Hills, MD",210 Corridor,Two Rivers,Johnsie Cogman,Rosalind Pinkney
"La Plata, La Plata, MD*",Charles County,Two Rivers,Johnsie Cogman,Rosalind Pinkney
"Lanham, Lanham, MD*",Bowie/Lanham Area,Two Rivers,Johnsie Cogman,Rosalind Pinkney
"Lansdowne, Baltimore, MD",Catonsville Area,Harbor,Sarah Schlieckert,Darrell Taylor
"LaVale, Lavale, MD*",Allegany Northwest,Canal,John Wunderlich,Richard Willson
"Leetown, Kearneysville, WV",Martinsburg Area,Canal,John Wunderlich,Richard Willson
"Lewistown, Thurmont, MD",Thurmont Area,Lakes,Jim Miller,Angela Fossett
"Lexington Park, Lexington Park, MD",St. Mary's County,Two Rivers,Johnsie Cogman,Rosalind Pinkney
"Liberty Central, Libertytown, MD",Pending,Lakes,Jim Miller,Angela Fossett
"Liberty Grove, Burtonsville, MD",Silver Spring Area,Tidal Basin,Ianther Mills,Ken Ow
"Lincoln Park, Washington, DC","DC Wards 2,3, & 6",Tidal Basin,Ianther Mills,Ken Ow
"Linden Heights, Parkville, MD",Baltimore Beltway North,Reservoir,Eliezer Valentín-Castañón,Chuck Conjar
"Linden-Linthicum, Clarksville, MD",Columbia/Highland Area,Tidal Basin,Ianther Mills,Ken Ow
"Linganore, Union Bridge, MD",New Windsor Area,Lakes,Jim Miller,Angela Fossett
"Locust, Columbia, MD",Columbia/Highland Area,Tidal Basin,Ianther Mills,Ken Ow
"Lodge Forest, Baltimore, MD",Baltimore County East,Reservoir,Eliezer Valentín-Castañón,Chuck Conjar
"Lovely Lane, Baltimore, MD",Baltimore City East,Harbor,Sarah Schlieckert,Darrell Taylor
"Macedonia, Gambrills, MD",Greater Laurel,Harbor,Sarah Schlieckert,Darrell Taylor
"Magothy Church of the Deaf,",,,,
"",Pasadena Area,Harbor,Sarah Schlieckert,Darrell Taylor
"Pasadena, MD",,,,
"Magothy, Pasadena, MD",Pasadena Area,Harbor,Sarah Schlieckert,Darrell Taylor
"Marsden First, Bermuda",,Tidal Basin,Ianther Mills,Ken Ow
"Martin Luther King Memorial,",,,,
"",Baltimore Northwest Area,Harbor,Sarah Schlieckert,Darrell Taylor
"Baltimore, MD",,,,
Church,Hub,District,Superintendent,Lay Leader
"Michaels, Hedgesville, WV",Pending,Canal,John Wunderlich,Richard Willson
"Middleburg, Westminster, MD",Westminster Area,Lakes,Jim Miller,Angela Fossett
"Middletown, Middletown, MD*",Frederick Area,Lakes,Jim Miller,Angela Fossett
"Middleway, Kearneysville, WV",Pending,Canal,John Wunderlich,Richard Willson
"Milford Mill, Pikesville, MD",Baltimore Northwest Area,Harbor,Sarah Schlieckert,Darrell Taylor
"Mill Creek Parish, Derwood, MD",Greater Gaithersburg,Tidal Basin,Ianther Mills,Ken Ow
"Millers, Manchester, MD",Pending,Reservoir,Eliezer Valentín-Castañón,Chuck Conjar
"Millian Memorial, Rockville, MD",Greater Rockville,Tidal Basin,Ianther Mills,Ken Ow
"Monkton, Monkton, MD*",Parkton Area,Reservoir,Eliezer Valentín-Castañón,Chuck Conjar
"Montgomery, Damascus, MD",Damascus Area,Lakes,Jim Miller,Angela Fossett
"Morgan Chapel, Woodbine, MD",Lisbon/Woodbine,Lakes,Jim Miller,Angela Fossett
"Mount Bethel, Smithsburg, MD",Smithsburg Area,Canal,John Wunderlich,Richard Willson
"Mount Calvary, Arnold, MD",Route 2,Harbor,Sarah Schlieckert,Darrell Taylor
"Mount Calvary, Charlotte Hall, MD",St. Mary's County,Two Rivers,Johnsie Cogman,Rosalind Pinkney
"Mount Carmel, Clear Spring, MD",Hancock/Williamsport Area,Canal,John Wunderlich,Richard Willson
"Mount Carmel, Frederick, MD",Mount Airy Area,Lakes,Jim Miller,Angela Fossett
"Mount Carmel, Parkton, MD*",Baltimore North County,Reservoir,Eliezer Valentín-Castañón,Chuck Conjar
"Mount Carmel, Pasadena, MD",Pasadena Area,Harbor,Sarah Schlieckert,Darrell Taylor
"Mount Gilead, Reisterstown, MD",Reisterstown,Reservoir,Eliezer Valentín-Castañón,Chuck Conjar
"Mount Gregory, Glenwood, MD",Columbia/Highland Area,Tidal Basin,Ianther Mills,Ken Ow
"Mount Harmony-Lower Marlboro,",,,,
"",Calvert County North,Two Rivers,Johnsie Cogman,Rosalind Pinkney
"Owings, MD",,,,
"Mount Hermon, Cumberland, MD",Pending,Canal,John Wunderlich,Richard Willson
"Mount Hope, Sunderland, MD",Calvert County North,Two Rivers,Johnsie Cogman,Rosalind Pinkney
"Mount Lena, Boonsboro, MD",Washington County South,Canal,John Wunderlich,Richard Willson
"Mount Nebo, Boonsboro, MD*",Washington County South,Canal,John Wunderlich,Richard Willson
"Mount Olive, Mount Airy, MD",Sykesville/Eldersburg,Lakes,Jim Miller,Angela Fossett
"Mount Olive, Prince Frederick, MD*",Calvert County South,Two Rivers,Johnsie Cogman,Rosalind Pinkney
"Mount Olive, Randallstown, MD",Baltimore Northwest Area,Harbor,Sarah Schlieckert,Darrell Taylor
Church,Hub,District,Superintendent,Lay Leader
"Mount Olivet, Berkeley Springs, WV",Berkeley Springs,Canal,John Wunderlich,Richard Willson
"Mount Olivet, Catonsville, MD",Catonsville Area,Harbor,Sarah Schlieckert,Darrell Taylor
"Mount Pleasant, Frederick, MD",Downtown Frederick,Lakes,Jim Miller,Angela Fossett
"Mount Tabor, Bel Air, MD",Harford County North,Reservoir,Eliezer Valentín-Castañón,Chuck Conjar
"Mount Tabor, Crownsville, MD",Pasadena Area,Harbor,Sarah Schlieckert,Darrell Taylor
"Mount Tabor, Laytonsville, MD",Olney Area,Tidal Basin,Ianther Mills,Ken Ow
"Mount Vernon Place, Baltimore, MD",Baltimore City West,Harbor,Sarah Schlieckert,Darrell Taylor
"Mount Vernon Place, Washington, DC","DC Wards 2,3, & 6",Tidal Basin,Ianther Mills,Ken Ow
"Mount Vernon, Washington, DC",DC East of the River,Tidal Basin,Ianther Mills,Ken Ow
"Mount Washington-Aldersgate,",,,,
"",Baltimore Northwest Area,Harbor,Sarah Schlieckert,Darrell Taylor
"Baltimore, MD",,,,
"Mount Wesley, Shepherdstown, WV",Shepherdstown Area,Canal,John Wunderlich,Richard Willson
"Mount Winans, Baltimore, MD",Glen Burnie-Bayview Area,Harbor,Sarah Schlieckert,Darrell Taylor
"Mount Zion, Annapolis, MD",Downtown Annapolis,Two Rivers,Johnsie Cogman,Rosalind Pinkney
"Mount Zion, Baltimore, MD",Baltimore City West,Harbor,Sarah Schlieckert,Darrell Taylor
"Mount Zion, Berkeley Springs, WV",Berkeley Springs,Canal,John Wunderlich,Richard Willson
"Mount Zion, Finksburg, MD",Westminster Area,Lakes,Jim Miller,Angela Fossett
"Mount Zion, Freeland, MD",Parkton Area,Reservoir,Eliezer Valentín-Castañón,Chuck Conjar
"Mount Zion, Highland, MD*",Columbia/Highland Area,Tidal Basin,Ianther Mills,Ken Ow
"Mount Zion, Laurel, MD",Greater Laurel,Harbor,Sarah Schlieckert,Darrell Taylor
"Mount Zion, Lexington Park, MD",St. Mary's County,Two Rivers,Johnsie Cogman,Rosalind Pinkney
"Mount Zion, Martinsburg, WV",Downtown Martinsburg,Canal,John Wunderlich,Richard Willson
"Mount Zion, Mechanicsville, MD",St. Mary's County,Two Rivers,Johnsie Cogman,Rosalind Pinkney
"Mount Zion, Myersville, MD",Washington County South,Canal,John Wunderlich,Richard Willson
"Mount Zion, Olney, MD",Olney Area,Tidal Basin,Ianther Mills,Ken Ow
"Mount Zion, Pasadena, MD",Pasadena Area,Harbor,Sarah Schlieckert,Darrell Taylor
"Mount Zion, Sabillasville, MD",Smithsburg Area,Canal,John Wunderlich,Richard Willson
"Mount Zion, Upperco, MD",Baltimore North County,Reservoir,Eliezer Valentín-Castañón,Chuck Conjar
"Mount Zion, Washington, DC","DC Wards 2,3, & 6",Tidal Basin,Ianther Mills,Ken Ow
Harpers Ferry Area,Lakes,Jim Miller,Angela Fossett
New Windsor Area,Lakes,Jim Miller,Angela Fossett
Church,Hub,District,Superintendent,Lay Leader
"Pasadena, Pasadena, MD*",Pasadena Area,Harbor,Sarah Schlieckert,Darrell Taylor
"Patapsco, Dundalk, MD",Baltimore County East,Reservoir,Eliezer Valentín-Castañón,Chuck Conjar
"Patapsco, Finksburg, MD",Westminster Area,Lakes,Jim Miller,Angela Fossett
"Patuxent, Huntingtown, MD",Calvert County North,Two Rivers,Johnsie Cogman,Rosalind Pinkney
"Paw Paw, Paw Paw, WV",Allegany East,Canal,John Wunderlich,Richard Willson
"Paynes Chapel, Bunker Hill, WV",Martinsburg Area,Canal,John Wunderlich,Richard Willson
"Perry Hall, Nottingham, MD",Baltimore Beltway North,Reservoir,Eliezer Valentín-Castañón,Chuck Conjar
"Peters, Dunkirk, MD",Calvert County North,Two Rivers,Johnsie Cogman,Rosalind Pinkney
"Petworth, Washington, DC",DC Wards 4 & 5,Tidal Basin,Ianther Mills,Ken Ow
"Pikeside, Martinsburg, WV",Pending,Canal,John Wunderlich,Richard Willson
"Pine Grove, Parkton, MD",Baltimore North County,Reservoir,Eliezer Valentín-Castañón,Chuck Conjar
"Pine Grove, White Hall, MD",Baltimore North County,Reservoir,Eliezer Valentín-Castañón,Chuck Conjar
"Piney Grove, Reisterstown, MD",Reisterstown,Reservoir,Eliezer Valentín-Castañón,Chuck Conjar
"Piney Plains, Little Orleans, MD",Hancock/Williamsport Area,Canal,John Wunderlich,Richard Willson
"Pisgah, Marbury, MD",Charles County,Two Rivers,Johnsie Cogman,Rosalind Pinkney
"Pleasant Grove, Ijamsville, MD",Damascus Area,Lakes,Jim Miller,Angela Fossett
"Pleasant Grove, Reisterstown, MD",North Carroll,Reservoir,Eliezer Valentín-Castañón,Chuck Conjar
"Pleasant Hill, Owings Mills, MD",Reisterstown,Reservoir,Eliezer Valentín-Castañón,Chuck Conjar
"Pleasant View, Adamstown, MD",Frederick Area,Lakes,Jim Miller,Angela Fossett
"Plum Point, Huntingtown, MD",Calvert County North,Two Rivers,Johnsie Cogman,Rosalind Pinkney
"Poplar Grove, Phoenix, MD",Timonium Area,Reservoir,Eliezer Valentín-Castañón,Chuck Conjar
"Poplar Springs, Woodbine, MD*",Lisbon/Woodbine,Lakes,Jim Miller,Angela Fossett
"",Montgomery County,,,
"Potomac, Potomac, MD",,Tidal Basin,Ianther Mills,Ken Ow
"",Southwest,,,
"Presbury, Edgewood, MD",Mission Central,Reservoir,Eliezer Valentín-Castañón,Chuck Conjar
"Prospect, Mount Airy, MD",Mount Airy Area,Lakes,Jim Miller,Angela Fossett
"Providence, Monrovia, MD",Damascus Area,Lakes,Jim Miller,Angela Fossett
"Providence, Towson, MD",Timonium Area,Reservoir,Eliezer Valentín-Castañón,Chuck Conjar
"Providence-Fort Washington, Ft",,,,
"",210 Corridor,Two Rivers,Johnsie Cogman,Rosalind Pinkney
"Washington, MD",,,,
Church,Hub,District,Superintendent,Lay Leader
"Queens Chapel, Beltsville, MD",Bowie/Lanham Area,Two Rivers,Johnsie Cogman,Rosalind Pinkney
"Randall Memorial, Washington, DC*",DC East of the River,Tidal Basin,Ianther Mills,Ken Ow
"Rawlings, Rawlings, MD",Allegany West,Canal,John Wunderlich,Richard Willson
"Rehoboth, Williamsport, MD*",Hancock/Williamsport Area,Canal,John Wunderlich,Richard Willson
"Reisterstown, Reisterstown, MD",Reisterstown,Reservoir,Eliezer Valentín-Castañón,Chuck Conjar
"Rock Run, Havre de Grace, MD",Pending,Reservoir,Eliezer Valentín-Castañón,Chuck Conjar
"Rockville, Rockville, MD",Greater Rockville,Tidal Basin,Ianther Mills,Ken Ow
"Ryland-Epworth, Washington, DC",DC East of the River,Tidal Basin,Ianther Mills,Ken Ow
"Saint Andrews of Annapolis,",,,,
"",South River,Two Rivers,Johnsie Cogman,Rosalind Pinkney
"Edgewater, MD*",,,,
"Saint Andrews, Hagerstown, MD",Hagerstown,Canal,John Wunderlich,Richard Willson
"Saint Edmonds, Chesapeake Beach,",,,,
"",Calvert County North,Two Rivers,Johnsie Cogman,Rosalind Pinkney
MD*,,,,
"Saint James Memorial, Baltimore, MD",Baltimore City West,Harbor,Sarah Schlieckert,Darrell Taylor
"Saint James, Marriottsville, MD",Ellicott City,Lakes,Jim Miller,Angela Fossett
"Saint John United Church, Columbia,",,,,
"",Columbia/Highland Area,Tidal Basin,Ianther Mills,Ken Ow
MD,,,,
"Saint John, Baltimore, MD*",Glen Burnie-Bayview Area,Harbor,Sarah Schlieckert,Darrell Taylor
"Saint John, Lusby, MD",Calvert County South,Two Rivers,Johnsie Cogman,Rosalind Pinkney
Church,Hub,District,Superintendent,Lay Leader
"Saint Matthew's New Life, Baltimore,",,,,
"",Baltimore City East,Harbor,Sarah Schlieckert,Darrell Taylor
"Saint Matthew's New Life, Baltimore,",,,,
"",Baltimore City East,Harbor,Sarah Schlieckert,Darrell Taylor
MD*,,,,
"Saint Matthews, Baltimore, MD",Baltimore County East,Reservoir,Eliezer Valentín-Castañón,Chuck Conjar
"Saint Matthews, Bowie, MD",Bowie/Lanham Area,Two Rivers,Johnsie Cogman,Rosalind Pinkney
"Saint Matthews, La Plata, MD",St. Mary's County,Two Rivers,Johnsie Cogman,Rosalind Pinkney
"Saint Matthews, Shady Side, MD*",Anne Arundel County South,Two Rivers,Johnsie Cogman,Rosalind Pinkney
"Saint Paul Praise & Worship Center,",,,,
"",Baltimore Northwest Area,Harbor,Sarah Schlieckert,Darrell Taylor
"Pikesville, MD",,,,
"Saint Paul, Chevy Chase, MD",Silver Spring Area,Tidal Basin,Ianther Mills,Ken Ow
"Saint Paul, Laytonsville, MD*",Olney Area,Tidal Basin,Ianther Mills,Ken Ow
"Saint Paul, Lusby, MD",Calvert County South,Two Rivers,Johnsie Cogman,Rosalind Pinkney
"Saint Paul, New Windsor, MD*",New Windsor Area,Lakes,Jim Miller,Angela Fossett
"Saint Paul, Oxon Hill, MD",210 Corridor,Two Rivers,Johnsie Cogman,Rosalind Pinkney
"Saint Paul, White Hall, MD",Harford County North,Reservoir,Eliezer Valentín-Castañón,Chuck Conjar
"",Montgomery County,,,
"Saint Paul's, Kensington, MD",,Tidal Basin,Ianther Mills,Ken Ow
"",Southwest,,,
"Saint Paul's, Smithsburg, MD",Smithsburg Area,Canal,John Wunderlich,Richard Willson
"Saint Paul's, Sykesville, MD*",Sykesville/Eldersburg,Lakes,Jim Miller,Angela Fossett
"Salem, Brookeville, MD",Olney Area,Tidal Basin,Ianther Mills,Ken Ow
"Salem, Germantown, MD",Olney Area,Tidal Basin,Ianther Mills,Ken Ow
"Salem, Hampstead, MD",Parkton Area,Reservoir,Eliezer Valentín-Castañón,Chuck Conjar
"Salem, Keedysville, MD",Washington County South,Canal,John Wunderlich,Richard Willson
"Salem, Upper Falls, MD",Bel Air Area,Reservoir,Eliezer Valentín-Castañón,Chuck Conjar
"Salem-Baltimore Hispanic, Baltimore,",,,,
"",Baltimore County East,Reservoir,Eliezer Valentín-Castañón,Chuck Conjar
MD,,,,
"Salem-Hebbville, Baltimore, MD",Baltimore Northwest Area,Harbor,Sarah Schlieckert,Darrell Taylor
"Sandy Hook, Knoxville, MD",Harpers Ferry Area,Lakes,Jim Miller,Angela Fossett
"Sandy Mount, Finksburg, MD",Westminster Area,Lakes,Jim Miller,Angela Fossett
"Savage, Savage, MD",Greater Laurel,Harbor,Sarah Schlieckert,Darrell Taylor
"Severna Park, Severna Park, MD",Route 2,Harbor,Sarah Schlieckert,Darrell Taylor
"Sharp Street Memorial, Baltimore, MD",Baltimore City West,Harbor,Sarah Schlieckert,Darrell Taylor
"Sharp Street, Sandy Spring, MD",Olney Area,Tidal Basin,Ianther Mills,Ken Ow
"Shenandoah Memorial, Millville, WV",Harpers Ferry Area,Lakes,Jim Miller,Angela Fossett
"Shiloh Community, Newburg, MD",Charles County,Two Rivers,Johnsie Cogman,Rosalind Pinkney
"Shiloh, Hagerstown, MD",Hagerstown,Canal,John Wunderlich,Richard Willson
"Shiloh, Hampstead, MD",Pending,Reservoir,Eliezer Valentín-Castañón,Chuck Conjar
"Silver Grove, Harpers Ferry, WV",Harpers Ferry Area,Lakes,Jim Miller,Angela Fossett
"Silver Spring, Silver Spring, MD*",Silver Spring Area,Tidal Basin,Ianther Mills,Ken Ow
"Simpson, Mount Airy, MD",Lisbon/Woodbine,Lakes,Jim Miller,Angela Fossett
"Simpson-Hamline, Washington, DC",DC Wards 4 & 5,Tidal Basin,Ianther Mills,Ken Ow
"Smith Chapel, Marbury, MD",Charles County,Two Rivers,Johnsie Cogman,Rosalind Pinkney
"Smiths Chapel, Churchville, MD",Mission Central,Reservoir,Eliezer Valentín-Castañón,Chuck Conjar
"Smithville, Dunkirk, MD",Calvert County North,Two Rivers,Johnsie Cogman,Rosalind Pinkney
"Sollers, Lothian, MD",Anne Arundel County South,Two Rivers,Johnsie Cogman,Rosalind Pinkney
"Solley, Glen Burnie, MD",BWI Corridor,Harbor,Sarah Schlieckert,Darrell Taylor
"Stablers, Parkton, MD",Pending,Reservoir,Eliezer Valentín-Castañón,Chuck Conjar
"Stone Chapel, New Windsor, MD",New Windsor Area,Lakes,Jim Miller,Angela Fossett
"Sulphur Springs, Oldtown, MD",Allegany East,Canal,John Wunderlich,Richard Willson
"Taylorsville, Mount Airy, MD",New Windsor Area,Lakes,Jim Miller,Angela Fossett
"Texas, Cockeysville, MD",Towson/Lutherville,Reservoir,Eliezer Valentín-Castañón,Chuck Conjar
"The Everlasting Love, Glen Burnie, MD",Korean Ministries,Harbor,Sarah Schlieckert,Darrell Taylor
"The Gathering Faith Community,",,,,
"",BWI Corridor,Harbor,Sarah Schlieckert,Darrell Taylor
"Hanover, MD",,,,
"The Journey of Faith Church, Waldorf,",,,,
"",Charles County,Two Rivers,Johnsie Cogman,Rosalind Pinkney
MD,,,,
"Thurmont, Thurmont, MD",Thurmont Area,Lakes,Jim Miller,Angela Fossett
"Timonium, Timonium, MD*",Timonium Area,Reservoir,Eliezer Valentín-Castañón,Chuck Conjar
"Tom's Creek, Emmitsburg, MD*",Thurmont Area,Lakes,Jim Miller,Angela Fossett
"Towson, Towson, MD",Baltimore Beltway North,Reservoir,Eliezer Valentín-Castañón,Chuck Conjar
"Trinity, Annapolis, MD",Pending,Two Rivers,Johnsie Cogman,Rosalind Pinkney
Church,Hub,District,Superintendent,Lay Leader
"Trinity, Emmitsburg, MD",Thurmont Area,Lakes,Jim Miller,Angela Fossett
"Trinity, Frederick, MD",Downtown Frederick,Lakes,Jim Miller,Angela Fossett
"Trinity, Germantown, MD",Greater Gaithersburg,Tidal Basin,Ianther Mills,Ken Ow
"Trinity, Martinsburg, WV",Downtown Martinsburg,Canal,John Wunderlich,Richard Willson
"Trinity, Odenton, MD",Greater Laurel,Harbor,Sarah Schlieckert,Darrell Taylor
"Trinity, Prince Frederick, MD",Calvert County South,Two Rivers,Johnsie Cogman,Rosalind Pinkney
"Trinity-Asbury, Berkeley Springs, WV",Pending,Canal,John Wunderlich,Richard Willson
"Union Chapel, Berkeley Springs, WV*",Berkeley Springs,Canal,John Wunderlich,Richard Willson
"Union Chapel, Joppa, MD",Mission Central,Reservoir,Eliezer Valentín-Castañón,Chuck Conjar
"Union Memorial, Baltimore, MD",Baltimore City West,Harbor,Sarah Schlieckert,Darrell Taylor
"Union Memorial, Davidsonville, MD",South River,Two Rivers,Johnsie Cogman,Rosalind Pinkney
"Union Street, Westminster, MD",Westminster Area,Lakes,Jim Miller,Angela Fossett
"Union, Baldwin, MD",Timonium Area,Reservoir,Eliezer Valentín-Castañón,Chuck Conjar
"Union, Lothian, MD",Anne Arundel County South,Two Rivers,Johnsie Cogman,Rosalind Pinkney
"Union, Upper Marlboro, MD*",Upper Marlboro Area,Two Rivers,Johnsie Cogman,Rosalind Pinkney
"Uniontown, Westminster, MD",Westminster Area,Lakes,Jim Miller,Angela Fossett
"United, Washington, DC","DC Wards 2,3, & 6",Tidal Basin,Ianther Mills,Ken Ow
"University, College Park, MD",Upper Prince George's County,Tidal Basin,Ianther Mills,Ken Ow
"Uvilla, Shepherdstown, WV",Shepherdstown Area,Canal,John Wunderlich,Richard Willson
"Vale Summit, Frostburg, MD",Allegany Northwest,Canal,John Wunderlich,Richard Willson
"Van Buren, Washington, DC",DC Wards 4 & 5,Tidal Basin,Ianther Mills,Ken Ow
"Vernon, White Hall, MD",Parkton Area,Reservoir,Eliezer Valentín-Castañón,Chuck Conjar
"Walkersville, Walkersville, MD",Downtown Frederick,Lakes,Jim Miller,Angela Fossett
"Wards Chapel, Randallstown, MD*",Reisterstown,Reservoir,Eliezer Valentín-Castañón,Chuck Conjar
"Wards Memorial, Owings, MD",Calvert County North,Two Rivers,Johnsie Cogman,Rosalind Pinkney
"Washington Grove, Washington",,,,
"",Greater Gaithersburg,Tidal Basin,Ianther Mills,Ken Ow
"Grove, MD",,,,
"Washington Square, Hagerstown, MD",Hagerstown,Canal,John Wunderlich,Richard Willson
"Waters Memorial, Saint Leonard, MD",Pending,Two Rivers,Johnsie Cogman,Rosalind Pinkney
Church Hub,District,Superintendent,Lay Leader
"Waugh, Glen Arm, MD Mission Central",Reservoir,Eliezer Valentín-Castañón,Chuck Conjar
"Weller, Thurmont, MD Thurmont Area",Lakes,Jim Miller,Angela Fossett
"Wesley Chapel, Berkeley Springs, WV Pending",Canal,John Wunderlich,Richard Willson
"Wesley Chapel, Frederick, MD Mount Airy Area",Lakes,Jim Miller,Angela Fossett
"Wesley Chapel, Jessup, MD Pending",Harbor,Sarah Schlieckert,Darrell Taylor
"Wesley Chapel, Lothian, MD Anne Arundel County South",Two Rivers,Johnsie Cogman,Rosalind Pinkney
"Wesley Freedom, Eldersburg, MD Sykesville/Eldersburg",Lakes,Jim Miller,Angela Fossett
"Wesley Grove, Gaithersburg, MD Olney Area",Tidal Basin,Ianther Mills,Ken Ow
"Wesley, Hampstead, MD North Carroll",Reservoir,Eliezer Valentín-Castañón,Chuck Conjar
"Wesleyan Chapel, Aberdeen, MD Harford County North",Reservoir,Eliezer Valentín-Castañón,Chuck Conjar
"West Baltimore, Baltimore, MD Catonsville Area",Harbor,Sarah Schlieckert,Darrell Taylor
"West Liberty, Marriottsville, MD Ellicott City",Lakes,Jim Miller,Angela Fossett
"West Liberty, Parkton, MD Baltimore North County",Reservoir,Eliezer Valentín-Castañón,Chuck Conjar
"West Montgomery, Dickerson, MD Greater Gaithersburg",Tidal Basin,Ianther Mills,Ken Ow
"Westernport, Westernport, MD Allegany West",Canal,John Wunderlich,Richard Willson
"Westminster, Westminster, MD Westminster Area",Lakes,Jim Miller,Angela Fossett
"Westphalia, Upper Marlboro, MD 210 Corridor",Two Rivers,Johnsie Cogman,Rosalind Pinkney
"William Watters Memorial,",,,
Harford County North,Reservoir,Eliezer Valentín-Castañón,Chuck Conjar
"Jarrettsville, MD",,,
"Williams Memorial, Shenandoah",,,
"Richard Willson Junction, WV Shepherdstown Area",Canal,John Wunderlich,
"Williamsport, Williamsport, MD Hancock/Williamsport Area",Canal,John Wunderlich,Richard Willson
"Wilson Memorial, Gambrills, MD Bowie/Lanham Area",Two Rivers,Johnsie Cogman,Rosalind Pinkney
"Wiseburg, White Hall, MD Baltimore North County",Reservoir,Eliezer Valentín-Castañón,Chuck Conjar
"Zimbabwe Fellowship, Takoma Park,",,,
Upper Prince George's County,Tidal Basin,Ianther Mills,Ken Ow
MD,,,
"Zion Wesley, Waldorf, MD Charles County",Two Rivers,Johnsie Cogman,Rosalind Pinkney
"Zion, Lexington Park, MD* St. Mary's County",Two Rivers,Johnsie Cogman,Rosalind Pinkney
"Zion, Westminster, MD New Windsor Area",Lakes,Jim Miller,Angela Fossett
